date,value
1/2/1997,803.13
1/3/1997,787.47
1/6/1997,790.23
1/7/1997,820.11
1/8/1997,831.93
1/9/1997,843.22
1/10/1997,840.5
1/13/1997,822.89
1/14/1997,807.67
1/15/1997,828.91
1/16/1997,822.57
1/17/1997,832.55
1/20/1997,841.03
1/21/1997,854.18
1/22/1997,858.97
1/23/1997,849.17
1/24/1997,848.56
1/27/1997,840.42
1/28/1997,842.63
1/29/1997,814.39
1/30/1997,820.18
1/31/1997,788.04
2/3/1997,761.63
2/4/1997,765.42
2/5/1997,744.59
2/6/1997,749.14
2/7/1997,747.76
2/10/1997,737.23
2/11/1997,733.99
2/12/1997,722.57
2/13/1997,698.06
2/14/1997,713.48
2/17/1997,708.2
2/18/1997,700.15
2/19/1997,731.74
2/20/1997,747.7
2/24/1997,742.08
2/25/1997,739.75
2/26/1997,739.82
2/27/1997,726.01
2/28/1997,727.56
3/3/1997,707.24
3/4/1997,688.74
3/5/1997,683.72
3/6/1997,676.65
3/7/1997,691.45
3/10/1997,703.32
3/11/1997,719.95
3/12/1997,720.27
3/13/1997,716.68
3/14/1997,694.91
3/17/1997,686.92
3/18/1997,693.87
3/19/1997,700.62
3/20/1997,703.09
3/21/1997,702.1
3/24/1997,713.85
3/25/1997,710.68
3/26/1997,714.29
3/27/1997,712.61
3/28/1997,709.09
3/31/1997,705.43
4/1/1997,694.74
4/2/1997,716.64
4/3/1997,706.01
4/4/1997,714.09
4/8/1997,715.36
4/9/1997,712.63
4/10/1997,715.33
4/11/1997,713.62
4/16/1997,716.89
4/17/1997,701.76
4/18/1997,700.23
4/21/1997,694.21
4/22/1997,691.16
4/23/1997,689.79
4/24/1997,688.42
4/25/1997,684
4/28/1997,672.48
4/29/1997,658.59
4/30/1997,661.29
5/2/1997,660.1
5/6/1997,643.28
5/7/1997,626.57
5/8/1997,614.06
5/9/1997,605.43
5/12/1997,592.18
5/13/1997,600.24
5/14/1997,571.3
5/15/1997,557.87
5/16/1997,561.19
5/19/1997,577.1
5/21/1997,596.19
5/22/1997,581.39
5/23/1997,581.13
5/26/1997,568.36
5/27/1997,569.84
5/28/1997,562.83
5/29/1997,558.17
5/30/1997,566.39
6/2/1997,563.35
6/3/1997,556.57
6/4/1997,552.87
6/5/1997,548.05
6/6/1997,530.62
6/9/1997,534.46
6/10/1997,527.22
6/11/1997,521.4
6/12/1997,519.05
6/13/1997,515.6
6/16/1997,511.55
6/17/1997,497.72
6/18/1997,482.94
6/19/1997,464.77
6/20/1997,480.25
6/23/1997,504.53
6/24/1997,493.13
6/25/1997,496.03
6/26/1997,520.02
6/27/1997,528.18
6/30/1997,527.28
7/2/1997,568.79
7/3/1997,617.98
7/4/1997,657.09
7/7/1997,633.03
7/8/1997,614.19
7/9/1997,635.71
7/10/1997,649.33
7/11/1997,628.55
7/14/1997,611.91
7/15/1997,625.66
7/16/1997,663.66
7/17/1997,656.28
7/18/1997,653.37
7/22/1997,659.78
7/23/1997,631.28
7/24/1997,634
7/25/1997,646.58
7/28/1997,680.67
7/29/1997,682.16
7/30/1997,679.53
7/31/1997,665.62
8/1/1997,652.04
8/4/1997,663.82
8/5/1997,648.47
8/6/1997,635.32
8/7/1997,638.04
8/8/1997,636.85
8/11/1997,632.25
8/13/1997,632.73
8/14/1997,628.69
8/15/1997,623.25
8/18/1997,604.34
8/19/1997,590.44
8/20/1997,586.41
8/21/1997,583.04
8/22/1997,559.59
8/25/1997,529.61
8/26/1997,525.49
8/27/1997,523.74
8/28/1997,511.76
8/29/1997,502.23
9/1/1997,493.84
9/2/1997,515.37
9/3/1997,514.07
9/4/1997,522.2
9/5/1997,540.39
9/8/1997,572.3
9/9/1997,565.01
9/10/1997,541.55
9/11/1997,552.09
9/12/1997,534.18
9/15/1997,536.36
9/16/1997,527.21
9/17/1997,517.4
9/18/1997,521.65
9/19/1997,523.3
9/22/1997,523.8
9/23/1997,536.03
9/24/1997,547.02
9/25/1997,567.36
9/26/1997,557.98
9/29/1997,549.48
9/30/1997,544.54
10/1/1997,547.8
10/2/1997,550.86
10/3/1997,548.37
10/6/1997,542.05
10/7/1997,531.59
10/8/1997,524.61
10/9/1997,528.25
10/10/1997,534.55
10/13/1997,532.95
10/14/1997,525.13
10/15/1997,535.59
10/16/1997,531.58
10/17/1997,525.64
10/20/1997,509.51
10/21/1997,507.94
10/22/1997,511.56
10/24/1997,494
10/27/1997,491.01
10/28/1997,460.8
10/29/1997,457.16
10/30/1997,445.09
10/31/1997,447.21
11/3/1997,447.44
11/4/1997,478.33
11/5/1997,487.11
11/6/1997,478.32
11/7/1997,493.04
11/10/1997,487.94
11/11/1997,467.94
11/12/1997,469.37
11/13/1997,453.81
11/14/1997,456.87
11/17/1997,441.87
11/18/1997,440.13
11/19/1997,434.37
11/20/1997,422.18
11/21/1997,421.59
11/24/1997,412.18
11/25/1997,396.58
11/26/1997,401.79
11/27/1997,399.43
11/28/1997,395.47
12/1/1997,387.56
12/2/1997,378.14
12/3/1997,377.38
12/4/1997,388.77
12/8/1997,401.8
12/9/1997,390.67
12/11/1997,371.51
12/12/1997,368.39
12/15/1997,367.73
12/16/1997,370.28
12/17/1997,376.16
12/18/1997,387.38
12/19/1997,385.25
12/22/1997,376.95
12/23/1997,366.87
12/24/1997,364.2
12/25/1997,360.08
12/26/1997,357.13
12/29/1997,358.77
12/30/1997,365.82
12/31/1997,372.69
1/5/1998,366.18
1/6/1998,370.27
1/7/1998,370.31
1/8/1998,360.17
1/9/1998,349.67
1/12/1998,339.17
1/13/1998,348.96
1/14/1998,367.69
1/15/1998,364.13
1/16/1998,383.01
1/19/1998,420.72
1/20/1998,413.79
1/21/1998,432.86
1/22/1998,420.8
1/23/1998,422.87
1/26/1998,424.51
1/27/1998,423.1
1/28/1998,434.22
1/29/1998,447.24
1/30/1998,495.23
2/2/1998,554.75
2/3/1998,558.92
2/4/1998,505.59
2/5/1998,531.11
2/6/1998,535.98
2/9/1998,530.5
2/10/1998,524.52
2/12/1998,509.33
2/13/1998,499.97
2/16/1998,484.06
2/17/1998,502.53
2/18/1998,513.27
2/19/1998,510.41
2/20/1998,521.83
2/23/1998,521.82
2/24/1998,517.06
2/25/1998,512.98
2/26/1998,524.06
2/27/1998,528.42
3/2/1998,538.17
3/3/1998,539.72
3/4/1998,528.24
3/5/1998,509.23
3/6/1998,508.07
3/9/1998,509.98
3/10/1998,508.55
3/11/1998,502.79
3/12/1998,498.67
3/13/1998,514.24
3/16/1998,512.54
3/17/1998,510.46
3/18/1998,500.46
3/19/1998,503.55
3/20/1998,499.75
3/23/1998,503.67
3/24/1998,490.27
3/25/1998,480.07
3/26/1998,470.67
3/27/1998,469.85
3/30/1998,465.09
3/31/1998,459.11
4/1/1998,456.57
4/2/1998,453.88
4/3/1998,442.96
4/7/1998,430.04
4/8/1998,444.33
4/9/1998,444.23
4/10/1998,446.13
4/16/1998,431.63
4/17/1998,438.99
4/20/1998,434.37
4/21/1998,435.23
4/22/1998,436.73
4/23/1998,427.41
4/24/1998,424.79
4/27/1998,418.79
4/28/1998,419.55
4/29/1998,412.25
4/30/1998,412.13
5/4/1998,400.71
5/6/1998,393.36
5/7/1998,393.95
5/8/1998,386.42
5/12/1998,381.65
5/13/1998,370.92
5/14/1998,368.82
5/15/1998,369.43
5/18/1998,357.21
5/19/1998,346.46
5/20/1998,355.51
5/21/1998,355.91
5/22/1998,355.82
5/25/1998,358.9
5/26/1998,354.54
5/27/1998,340.12
5/28/1998,333.9
5/29/1998,325.59
6/1/1998,313.04
6/2/1998,313.64
6/3/1998,313.21
6/4/1998,318.81
6/5/1998,318.16
6/8/1998,312.37
6/9/1998,308.25
6/10/1998,292.1
6/11/1998,283.92
6/12/1998,279.37
6/15/1998,263.39
6/16/1998,257.44
6/17/1998,272.94
6/18/1998,295.15
6/19/1998,284.32
6/22/1998,275.9
6/23/1998,274.06
6/24/1998,267.74
6/25/1998,264.09
6/26/1998,264.98
6/29/1998,271.2
6/30/1998,267.33
7/2/1998,277.98
7/3/1998,273.74
7/6/1998,271
7/7/1998,272.28
7/8/1998,273.43
7/10/1998,274.26
7/13/1998,266.75
7/14/1998,265.71
7/15/1998,273.75
7/16/1998,282.01
7/17/1998,295.28
7/20/1998,297.74
7/21/1998,287.34
7/22/1998,286.52
7/23/1998,276.2
7/24/1998,275.44
7/27/1998,269.93
7/28/1998,266.72
7/29/1998,263.49
7/30/1998,266.74
7/31/1998,266.72
8/3/1998,260.89
8/4/1998,258.04
8/5/1998,254.07
8/6/1998,252.07
8/7/1998,247.54
8/10/1998,238.3
8/11/1998,234.14
8/13/1998,230.87
8/14/1998,243.62
8/17/1998,235.24
8/18/1998,235.68
8/19/1998,243.37
8/20/1998,243
8/21/1998,238.92
8/24/1998,233.15
8/25/1998,230.22
8/26/1998,227.5
8/27/1998,226.85
8/28/1998,218.85
8/31/1998,214.53
9/1/1998,211.09
9/2/1998,207.59
9/3/1998,207.4
9/4/1998,207.31
9/7/1998,220.56
9/8/1998,212.85
9/9/1998,213.98
9/10/1998,218.91
9/11/1998,212.7
9/14/1998,211.34
9/15/1998,211.08
9/16/1998,218.7
9/17/1998,220.05
9/18/1998,221.85
9/21/1998,221.88
9/22/1998,223.14
9/23/1998,231.28
9/24/1998,250.18
9/25/1998,248.93
9/28/1998,255.53
9/29/1998,255.35
9/30/1998,253.82
10/1/1998,254.47
10/2/1998,251.56
10/5/1998,246.26
10/6/1998,248.14
10/7/1998,263.23
10/8/1998,285.22
10/9/1998,292.5
10/12/1998,290.8
10/13/1998,290.19
10/14/1998,285.12
10/15/1998,295.19
10/16/1998,319.22
10/19/1998,314.17
10/20/1998,331.36
10/21/1998,323.05
10/22/1998,321.57
10/26/1998,319.02
10/27/1998,319.23
10/28/1998,330.45
10/29/1998,345.07
10/30/1998,331.29
11/2/1998,334.93
11/3/1998,343.16
11/4/1998,354.11
11/5/1998,362.08
11/6/1998,376.6
11/9/1998,363.85
11/10/1998,336.62
11/11/1998,356.26
11/12/1998,333.06
11/13/1998,333.59
11/16/1998,345.19
11/17/1998,344.08
11/18/1998,345.13
11/19/1998,358.56
11/20/1998,371.93
11/23/1998,390.43
11/24/1998,383.66
11/25/1998,391.01
11/26/1998,382.2
11/27/1998,373.09
11/30/1998,362.82
12/1/1998,356.16
12/2/1998,343.12
12/3/1998,337.86
12/4/1998,337.63
12/8/1998,350.27
12/9/1998,359.54
12/11/1998,360.3
12/14/1998,344.89
12/15/1998,349.18
12/16/1998,344.53
12/17/1998,338.65
12/18/1998,341.92
12/21/1998,337.17
12/22/1998,343.34
12/23/1998,344.27
12/24/1998,346.93
12/25/1998,356.16
12/28/1998,360.29
12/29/1998,351.81
12/30/1998,355.81
1/4/1999,356.68
1/5/1999,378.51
1/6/1999,402.56
1/7/1999,397.72
1/8/1999,399.43
1/11/1999,399.2
1/12/1999,399.81
1/13/1999,385.58
1/14/1999,386.96
1/15/1999,381.82
1/18/1999,387.61
1/19/1999,386.45
1/20/1999,394.85
1/21/1999,385.75
1/22/1999,376.48
1/25/1999,363.36
1/26/1999,366.77
1/27/1999,373.25
1/28/1999,366.16
1/29/1999,363
2/1/1999,358.84
2/2/1999,347.21
2/3/1999,338.2
2/4/1999,338.27
2/5/1999,337.96
2/8/1999,330.77
2/9/1999,320.36
2/10/1999,314.74
2/11/1999,313.65
2/12/1999,347.43
2/15/1999,344.96
2/16/1999,350.36
2/17/1999,338.02
2/18/1999,336.47
2/19/1999,336.57
2/22/1999,334.52
2/23/1999,333.71
2/24/1999,336.17
2/25/1999,332.67
2/26/1999,340.94
3/2/1999,338.82
3/3/1999,341.51
3/4/1999,337.14
3/5/1999,336.21
3/8/1999,336.68
3/9/1999,329.59
3/10/1999,333.28
3/11/1999,345.21
3/12/1999,345.79
3/15/1999,360.88
3/16/1999,354.95
3/17/1999,356.8
3/18/1999,362.91
3/19/1999,367.69
3/22/1999,366.09
3/23/1999,365.74
3/24/1999,360.35
3/25/1999,365.7
3/26/1999,366.91
3/29/1999,363.32
3/30/1999,359.76
3/31/1999,352.01
4/1/1999,356.85
4/2/1999,357.1
4/5/1999,350.73
4/7/1999,359.52
4/8/1999,365.09
4/9/1999,371.95
4/12/1999,370.68
4/16/1999,402.54
4/19/1999,412.19
4/20/1999,406.11
4/21/1999,397.93
4/22/1999,402.33
4/23/1999,401.07
4/26/1999,415.68
4/27/1999,425.33
4/28/1999,423.22
4/29/1999,432.49
4/30/1999,459.35
5/4/1999,505.75
5/6/1999,512.69
5/7/1999,488.35
5/10/1999,490.43
5/11/1999,495.23
5/12/1999,486.56
5/13/1999,476.89
5/14/1999,474.9
5/17/1999,467.62
5/18/1999,481.55
5/19/1999,483.5
5/20/1999,479.6
5/21/1999,479.33
5/24/1999,469.98
5/25/1999,451.05
5/26/1999,458.21
5/27/1999,464.28
5/28/1999,453.6
6/1/1999,461.79
6/2/1999,474.86
6/3/1999,476.05
6/4/1999,476.47
6/7/1999,483.25
6/8/1999,493.67
6/9/1999,510.5
6/10/1999,511.44
6/11/1999,507.06
6/14/1999,514.67
6/15/1999,508.62
6/16/1999,509.84
6/17/1999,520.55
6/18/1999,518.81
6/21/1999,538.36
6/22/1999,545.91
6/23/1999,540.99
6/24/1999,543.97
6/25/1999,543.85
6/28/1999,531.88
6/29/1999,517.65
6/30/1999,521.77
7/2/1999,533.33
7/5/1999,533.15
7/6/1999,526.82
7/7/1999,516.11
7/8/1999,496.65
7/9/1999,509.58
7/12/1999,511.87
7/13/1999,500.25
7/14/1999,494
7/15/1999,496.7
7/16/1999,488.51
7/19/1999,481.7
7/20/1999,487.95
7/21/1999,496.86
7/22/1999,487.22
7/23/1999,475.73
7/26/1999,457.68
7/27/1999,461.91
7/29/1999,458.82
7/30/1999,456.81
8/2/1999,452.61
8/3/1999,456.07
8/4/1999,451.43
8/5/1999,447.09
8/6/1999,437.04
8/9/1999,433.45
8/10/1999,430.85
8/11/1999,421.49
8/13/1999,423.78
8/16/1999,418.11
8/17/1999,411.31
8/18/1999,409.76
8/19/1999,418
8/20/1999,440.51
8/23/1999,448.19
8/24/1999,446.55
8/25/1999,468.7
8/26/1999,456.07
8/27/1999,457.54
8/30/1999,446.48
8/31/1999,440.27
9/1/1999,434.56
9/2/1999,426.7
9/3/1999,431.12
9/6/1999,424.08
9/7/1999,426.75
9/8/1999,421.56
9/9/1999,431.08
9/10/1999,430.91
9/13/1999,444.94
9/14/1999,443.82
9/15/1999,438.59
9/16/1999,429.89
9/17/1999,438.16
9/20/1999,434.21
9/21/1999,425.54
9/22/1999,410.15
9/23/1999,400.46
9/24/1999,382.01
9/27/1999,382.14
9/28/1999,385.23
9/29/1999,391.07
9/30/1999,389.49
10/1/1999,407.23
10/4/1999,396.13
10/5/1999,398.94
10/6/1999,395.09
10/7/1999,397.64
10/8/1999,393.02
10/11/1999,388.88
10/12/1999,401.36
10/13/1999,391.5
10/14/1999,392.79
10/15/1999,385.4
10/18/1999,372.87
10/19/1999,368.58
10/20/1999,369.01
10/21/1999,367.23
10/22/1999,377.16
10/26/1999,379.54
10/27/1999,379.61
10/28/1999,389.76
10/29/1999,395.55
11/1/1999,391.55
11/2/1999,402.41
11/3/1999,403.31
11/4/1999,419.89
11/5/1999,418.47
11/8/1999,414.07
11/9/1999,426.42
11/10/1999,426.39
11/11/1999,429.28
11/12/1999,432.02
11/15/1999,426.7
11/16/1999,423.15
11/17/1999,410.04
11/18/1999,410.9
11/19/1999,411.55
11/22/1999,406.41
11/23/1999,405.42
11/24/1999,399.23
11/25/1999,404.6
11/26/1999,412.31
11/29/1999,421.26
11/30/1999,422.12
12/1/1999,423.07
12/2/1999,419.67
12/3/1999,414.42
12/7/1999,413.88
12/8/1999,413.27
12/9/1999,419.77
12/13/1999,435.4
12/14/1999,438.23
12/15/1999,437.86
12/16/1999,437.71
12/17/1999,439.32
12/20/1999,450.68
12/21/1999,444.93
12/22/1999,458.43
12/23/1999,461.18
12/24/1999,461.29
12/27/1999,466.45
12/28/1999,466.96
12/29/1999,479.42
12/30/1999,481.92
1/4/2000,498.46
1/5/2000,465.85
1/6/2000,443.46
1/7/2000,453.31
1/10/2000,459.47
1/11/2000,452.48
1/12/2000,459.62
1/13/2000,458.4
1/14/2000,474.37
1/17/2000,477.09
1/18/2000,484.16
1/19/2000,486.33
1/20/2000,486.64
1/21/2000,478.92
1/24/2000,477.22
1/25/2000,473.22
1/26/2000,469.22
1/27/2000,474.91
1/28/2000,477.45
1/31/2000,477.57
2/1/2000,474.39
2/2/2000,470.62
2/3/2000,465.78
2/4/2000,470.34
2/7/2000,471.97
2/8/2000,465.94
2/9/2000,456.02
2/10/2000,453.1
2/11/2000,456.12
2/14/2000,447.56
2/15/2000,430.97
2/16/2000,422.83
2/17/2000,405.81
2/18/2000,408.35
2/22/2000,379.43
2/23/2000,389
2/24/2000,395.1
2/25/2000,406.66
2/28/2000,388.39
2/29/2000,374.32
3/1/2000,371.56
3/2/2000,391.39
3/3/2000,383.13
3/6/2000,379.27
3/7/2000,380.35
3/8/2000,385.56
3/9/2000,393.23
3/10/2000,402.4
3/13/2000,390.15
3/14/2000,400.37
3/15/2000,386.2
3/16/2000,395.83
3/17/2000,399.74
3/20/2000,400.99
3/21/2000,398.26
3/22/2000,395.15
3/23/2000,399.03
3/24/2000,404.16
3/27/2000,408.24
3/28/2000,412.44
3/29/2000,410.69
3/30/2000,399.59
3/31/2000,400.32
4/3/2000,399.74
4/4/2000,392.7
4/5/2000,395.33
4/7/2000,403.45
4/10/2000,403.32
4/11/2000,400.74
4/12/2000,414.45
4/17/2000,392.88
4/18/2000,385.25
4/19/2000,391.22
4/20/2000,389.48
4/21/2000,395.06
4/24/2000,395
4/25/2000,396.48
4/26/2000,394.56
4/27/2000,393.36
4/28/2000,390.4
5/2/2000,385.44
5/3/2000,379.8
5/4/2000,379.97
5/8/2000,366.17
5/9/2000,357.77
5/10/2000,343.53
5/11/2000,336.54
5/12/2000,345.67
5/15/2000,339.37
5/16/2000,350.22
5/18/2000,343.39
5/19/2000,343.4
5/22/2000,333.36
5/23/2000,325.99
5/24/2000,319.68
5/25/2000,307.23
5/26/2000,313.08
5/29/2000,308.45
5/30/2000,307.82
5/31/2000,323.29
6/1/2000,327.6
6/2/2000,339.28
6/5/2000,352.6
6/6/2000,345.43
6/7/2000,340.83
6/8/2000,344.58
6/9/2000,341.35
6/12/2000,340.7
6/13/2000,334.99
6/14/2000,345.43
6/15/2000,345.29
6/16/2000,344.49
6/19/2000,340.66
6/20/2000,339.77
6/21/2000,338.12
6/22/2000,334.03
6/23/2000,333.31
6/26/2000,330.73
6/27/2000,334.18
6/28/2000,334.48
6/29/2000,323.35
6/30/2000,325.69
7/3/2000,319.26
7/4/2000,316.66
7/5/2000,322.85
7/6/2000,318.42
7/7/2000,322.87
7/10/2000,326.62
7/11/2000,325.72
7/12/2000,323.93
7/13/2000,320.45
7/14/2000,315.58
7/18/2000,313.39
7/19/2000,314.54
7/20/2000,307.85
7/21/2000,305.66
7/24/2000,293.13
7/25/2000,295.59
7/26/2000,291.43
7/27/2000,294.22
7/28/2000,291.6
7/31/2000,284.67
8/1/2000,295.49
8/2/2000,301.22
8/3/2000,307.97
8/4/2000,311.42
8/7/2000,306.72
8/8/2000,318.15
8/9/2000,315.02
8/10/2000,309.42
8/11/2000,316.6
8/15/2000,321.44
8/16/2000,327.46
8/17/2000,322.5
8/18/2000,319.22
8/21/2000,312.66
8/22/2000,316.48
8/23/2000,308.37
8/24/2000,307.32
8/25/2000,306.84
8/28/2000,305.72
8/29/2000,309.24
8/30/2000,309.67
8/31/2000,307.83
9/1/2000,310.73
9/4/2000,309.01
9/5/2000,308.25
9/6/2000,302.51
9/7/2000,298.31
9/8/2000,297.07
9/11/2000,290.34
9/12/2000,288.03
9/13/2000,290.55
9/14/2000,287.21
9/15/2000,293.3
9/18/2000,286.81
9/19/2000,287.16
9/20/2000,282.23
9/21/2000,283.13
9/22/2000,274.14
9/25/2000,280.25
9/26/2000,282.08
9/27/2000,285.38
9/28/2000,279.75
9/29/2000,277.29
10/2/2000,276.69
10/3/2000,271.38
10/4/2000,271.85
10/5/2000,269.51
10/6/2000,267.68
10/9/2000,261.29
10/10/2000,256.98
10/11/2000,250.6
10/12/2000,257.74
10/13/2000,254.26
10/16/2000,258.08
10/17/2000,259.95
10/18/2000,268.18
10/19/2000,276.19
10/20/2000,276.6
10/24/2000,275.48
10/25/2000,271.1
10/26/2000,275.39
10/27/2000,274.34
10/30/2000,270.34
10/31/2000,271.84
11/1/2000,279.77
11/2/2000,280.3
11/3/2000,287.84
11/6/2000,291.93
11/7/2000,292.36
11/8/2000,299.37
11/9/2000,293.59
11/10/2000,293.23
11/13/2000,287.18
11/14/2000,288.28
11/15/2000,288.75
11/16/2000,289.99
11/17/2000,294.71
11/20/2000,288.41
11/21/2000,287.06
11/22/2000,283.58
11/23/2000,284.22
11/24/2000,285.42
11/27/2000,284.73
11/28/2000,283.67
11/29/2000,282.9
11/30/2000,277.92
12/1/2000,273.86
12/4/2000,271.47
12/6/2000,272.03
12/7/2000,272.71
12/8/2000,273.69
12/12/2000,269.62
12/13/2000,271.92
12/14/2000,271.29
12/15/2000,273.17
12/18/2000,271.19
12/19/2000,271.09
12/20/2000,269.91
12/21/2000,269.85
12/22/2000,267.09
12/25/2000,266.52
12/26/2000,264.86
12/27/2000,266.47
12/28/2000,267.71
12/29/2000,269.19
1/3/2001,272.03
1/4/2001,278.75
1/5/2001,286.76
1/8/2001,295.84
1/9/2001,298.37
1/10/2001,293.65
1/11/2001,295.06
1/12/2001,311.25
1/15/2001,317.51
1/16/2001,308.42
1/17/2001,314.98
1/18/2001,314.26
1/19/2001,316.86
1/22/2001,319.09
1/23/2001,325.62
1/24/2001,325.59
1/25/2001,339.68
1/26/2001,332.13
1/29/2001,332.54
1/30/2001,325.21
1/31/2001,332.77
2/1/2001,330.46
2/2/2001,334.1
2/5/2001,329.08
2/6/2001,323.16
2/7/2001,327.51
2/9/2001,324.72
2/12/2001,318.2
2/13/2001,322.04
2/14/2001,315.25
2/15/2001,315.15
2/16/2001,316
2/19/2001,309.64
2/20/2001,312.32
2/21/2001,310.23
2/22/2001,309.02
2/23/2001,324.24
2/26/2001,321.33
2/27/2001,326.92
2/28/2001,325.2
3/1/2001,316.22
3/2/2001,306.05
3/5/2001,300.24
3/6/2001,299.81
3/7/2001,306.35
3/8/2001,301.76
3/9/2001,307
3/12/2001,304.87
3/13/2001,302.76
3/14/2001,299.93
3/15/2001,296.1
3/16/2001,293
3/19/2001,291.3
3/20/2001,293.14
3/21/2001,291.22
3/22/2001,289.42
3/23/2001,290.25
3/26/2001,293.8
3/27/2001,291.02
3/28/2001,287.1
3/29/2001,287.88
3/30/2001,291.94
4/2/2001,290.11
4/3/2001,285.57
4/4/2001,279.16
4/5/2001,282.02
4/9/2001,278.25
4/10/2001,279.54
4/11/2001,282.37
4/12/2001,291.28
4/17/2001,286.62
4/18/2001,297.33
4/19/2001,298.07
4/20/2001,292.58
4/23/2001,290.54
4/24/2001,296.95
4/25/2001,296.86
4/26/2001,297.14
4/27/2001,297.21
4/30/2001,300.63
5/2/2001,299.52
5/3/2001,301.09
5/4/2001,306.48
5/9/2001,311.73
5/10/2001,316.13
5/11/2001,310.93
5/14/2001,307.53
5/15/2001,307.47
5/16/2001,300.25
5/17/2001,300.98
5/18/2001,300.64
5/21/2001,298.21
5/22/2001,311.17
5/23/2001,311.17
5/24/2001,312.27
5/25/2001,311.11
5/28/2001,316.88
5/29/2001,309.47
5/30/2001,310.18
5/31/2001,310.13
6/1/2001,312.06
6/4/2001,313.96
6/5/2001,310.14
6/6/2001,310.46
6/7/2001,308.04
6/8/2001,312.29
6/11/2001,314.4
6/12/2001,314.2
6/13/2001,324.94
6/14/2001,322.24
6/15/2001,323.97
6/18/2001,318.49
6/19/2001,319.59
6/20/2001,318.47
6/21/2001,316.92
6/22/2001,318.67
6/25/2001,319.81
6/26/2001,320.76
6/27/2001,323.21
6/28/2001,322.55
6/29/2001,322.55
7/2/2001,322.45
7/3/2001,326.81
7/4/2001,326.43
7/5/2001,324.88
7/9/2001,324.47
7/10/2001,323.68
7/11/2001,312.64
7/12/2001,315
7/13/2001,314.31
7/16/2001,309.38
7/17/2001,315.21
7/18/2001,315.16
7/19/2001,316.02
7/20/2001,312.27
7/23/2001,309.58
7/25/2001,308.1
7/26/2001,305.33
7/27/2001,301.09
7/30/2001,298.33
7/31/2001,297.69
8/1/2001,300.53
8/2/2001,303.23
8/3/2001,315.95
8/6/2001,314.06
8/7/2001,316.63
8/8/2001,323.09
8/9/2001,316.77
8/10/2001,315.87
8/14/2001,314.25
8/15/2001,317.77
8/16/2001,317.77
8/17/2001,323.25
8/20/2001,319.7
8/21/2001,319.14
8/22/2001,321.31
8/23/2001,324.9
8/24/2001,332.17
8/27/2001,338.57
8/28/2001,335.49
8/29/2001,338.02
8/30/2001,331.62
8/31/2001,335.57
9/3/2001,341.65
9/4/2001,339.76
9/5/2001,338.21
9/6/2001,342.56
9/7/2001,342.32
9/10/2001,331.65
9/11/2001,330.37
9/13/2001,308.17
9/14/2001,288.1
9/17/2001,270.61
9/18/2001,274.21
9/19/2001,287.13
9/20/2001,279.8
9/21/2001,274.6
9/24/2001,279.49
9/25/2001,276.72
9/26/2001,275.67
9/27/2001,274.76
9/28/2001,277.04
10/1/2001,273.09
10/2/2001,276.49
10/3/2001,276.09
10/4/2001,283.02
10/5/2001,280.88
10/8/2001,277.28
10/9/2001,286.6
10/10/2001,286.72
10/11/2001,286.42
10/12/2001,284.97
10/15/2001,282.06
10/16/2001,283.42
10/17/2001,287.83
10/18/2001,286.15
10/19/2001,284.72
10/22/2001,283.43
10/24/2001,284.06
10/25/2001,280.62
10/26/2001,280.6
10/29/2001,278.16
10/30/2001,273.6
10/31/2001,275.09
11/1/2001,273.64
11/2/2001,274.22
11/5/2001,272.99
11/6/2001,271.44
11/7/2001,265.22
11/8/2001,268.34
11/9/2001,268.11
11/12/2001,271.75
11/13/2001,270.9
11/14/2001,267.2
11/15/2001,268.28
11/16/2001,275.54
11/19/2001,276.97
11/20/2001,283.84
11/21/2001,291.21
11/22/2001,293.14
11/23/2001,296.77
11/26/2001,292.56
11/27/2001,296.46
11/28/2001,292.98
11/29/2001,297.87
11/30/2001,302.62
12/3/2001,302.2
12/4/2001,303.81
12/6/2001,305.25
12/7/2001,304.05
12/11/2001,294.86
12/12/2001,297.71
12/13/2001,294.61
12/14/2001,294
12/17/2001,293.51
12/18/2001,292.87
12/19/2001,295.34
12/20/2001,297.92
12/21/2001,296.69
12/24/2001,302.01
12/25/2001,301.81
12/26/2001,304.44
12/27/2001,301.17
12/28/2001,303.85
1/2/2002,305.19
1/3/2002,312.05
1/4/2002,315.73
1/7/2002,317.69
1/8/2002,318.64
1/9/2002,319.24
1/10/2002,319.3
1/11/2002,322.55
1/14/2002,325.66
1/15/2002,323.39
1/16/2002,319.57
1/17/2002,319.18
1/18/2002,317.52
1/21/2002,314.38
1/22/2002,317.27
1/23/2002,326.92
1/24/2002,333.96
1/25/2002,338.99
1/28/2002,337.49
1/29/2002,339.69
1/30/2002,340.4
1/31/2002,340.82
2/1/2002,336.65
2/4/2002,336.15
2/5/2002,343.37
2/6/2002,348.17
2/7/2002,346.77
2/8/2002,353.59
2/11/2002,356.94
2/12/2002,353.69
2/13/2002,361.99
2/14/2002,365.3
2/15/2002,373.02
2/18/2002,375.63
2/19/2002,370.19
2/20/2002,376.31
2/21/2002,361.49
2/22/2002,351.32
2/25/2002,356.65
2/27/2002,372.22
2/28/2002,371.81
3/1/2002,380.65
3/4/2002,391
3/5/2002,384.55
3/6/2002,391.71
3/7/2002,391.67
3/8/2002,390.65
3/11/2002,387.78
3/12/2002,384.74
3/13/2002,378.61
3/14/2002,382.16
3/15/2002,377.39
3/18/2002,374.73
3/19/2002,375.9
3/20/2002,383.34
3/21/2002,386.33
3/22/2002,389.31
3/25/2002,387.12
3/26/2002,384.8
3/27/2002,377.1
3/28/2002,379.55
3/29/2002,373.95
4/1/2002,375.52
4/2/2002,370.82
4/3/2002,364.11
4/4/2002,361.95
4/5/2002,369.99
4/9/2002,370.86
4/10/2002,372.67
4/11/2002,377.95
4/12/2002,379.63
4/17/2002,390.73
4/18/2002,387.48
4/19/2002,386.51
4/22/2002,386.92
4/23/2002,381.43
4/24/2002,380.76
4/25/2002,373.04
4/26/2002,376.44
4/29/2002,371.01
4/30/2002,371.42
5/2/2002,369.86
5/3/2002,374.05
5/7/2002,374.65
5/8/2002,382.48
5/9/2002,380.7
5/10/2002,382.09
5/13/2002,380.67
5/14/2002,382.09
5/15/2002,375.83
5/16/2002,376.18
5/17/2002,378.23
5/20/2002,381.02
5/21/2002,385.64
5/22/2002,386.97
5/23/2002,392.85
5/24/2002,392.09
5/28/2002,403.04
5/29/2002,409.11
5/30/2002,407.41
5/31/2002,407.96
6/3/2002,406.77
6/4/2002,402.54
6/5/2002,411.07
6/6/2002,417.76
6/7/2002,417.33
6/10/2002,423.65
6/11/2002,418.85
6/12/2002,423.61
6/13/2002,426.45
6/14/2002,422.44
6/17/2002,417.39
6/18/2002,418.52
6/19/2002,406.47
6/20/2002,403.31
6/21/2002,395.46
6/24/2002,393.88
6/25/2002,398.53
6/26/2002,381.21
6/27/2002,383.02
6/28/2002,389.1
7/2/2002,390.78
7/3/2002,395.15
7/4/2002,397.79
7/5/2002,401.1
7/8/2002,398.75
7/9/2002,403.22
7/10/2002,402.97
7/11/2002,397.97
7/12/2002,400.66
7/15/2002,399.36
7/16/2002,392.55
7/17/2002,394.32
7/18/2002,397.91
7/19/2002,394.27
7/22/2002,383.07
7/23/2002,387.96
7/24/2002,374.44
7/26/2002,366.47
7/29/2002,366.48
7/30/2002,374.08
7/31/2002,376.02
8/1/2002,376.68
8/2/2002,370.46
8/5/2002,362.14
8/6/2002,362.66
8/7/2002,367.04
8/8/2002,360.03
8/9/2002,367.07
8/13/2002,366.47
8/14/2002,371.19
8/15/2002,371.62
8/16/2002,373.03
8/19/2002,370.21
8/20/2002,373.25
8/21/2002,372.22
8/22/2002,368.32
8/23/2002,367.01
8/26/2002,369.02
8/27/2002,370.14
8/28/2002,365.13
8/29/2002,362.14
8/30/2002,361.16
9/2/2002,357.36
9/3/2002,355.59
9/4/2002,351.94
9/5/2002,350.05
9/6/2002,353.55
9/9/2002,353.23
9/10/2002,360.61
9/11/2002,361.35
9/12/2002,361.49
9/13/2002,357.15
9/16/2002,351.88
9/17/2002,359.3
9/18/2002,354
9/19/2002,352.34
9/20/2002,351.52
9/23/2002,347.97
9/24/2002,340.33
9/25/2002,336
9/26/2002,335.82
9/27/2002,338.72
9/30/2002,331.79
10/1/2002,333.69
10/2/2002,335.43
10/3/2002,336.55
10/4/2002,340.92
10/7/2002,335.88
10/8/2002,337.84
10/9/2002,338.37
10/10/2002,333.75
10/11/2002,330.41
10/14/2002,323.86
10/15/2002,328.29
10/16/2002,332.8
10/17/2002,333.18
10/18/2002,342.46
10/21/2002,344.28
10/22/2002,346.21
10/24/2002,346.59
10/25/2002,348.46
10/28/2002,357.42
10/29/2002,353.95
10/30/2002,355
10/31/2002,357.22
11/1/2002,357.68
11/4/2002,358.8
11/5/2002,355.77
11/6/2002,353.8
11/7/2002,357.46
11/8/2002,355
11/11/2002,350.36
11/12/2002,345.07
11/13/2002,343.67
11/14/2002,348.95
11/15/2002,356.24
11/18/2002,357.1
11/19/2002,353.62
11/20/2002,352.18
11/21/2002,358.44
11/22/2002,362.59
11/25/2002,364.53
11/26/2002,361.21
11/27/2002,361.35
11/28/2002,364.29
11/29/2002,364.9
12/2/2002,366.67
12/3/2002,364.19
12/4/2002,364.94
12/6/2002,365.09
12/9/2002,365.35
12/11/2002,365.46
12/12/2002,360.99
12/13/2002,356.2
12/16/2002,353.93
12/17/2002,352.83
12/18/2002,350.62
12/19/2002,350.25
12/22/2002,350.01
12/23/2002,350.55
12/24/2002,350.93
12/25/2002,353.41
12/26/2002,355.36
12/27/2002,356.48
1/2/2003,351.52
1/3/2003,357.23
1/6/2003,364.15
1/7/2003,365.51
1/8/2003,360.41
1/9/2003,358.76
1/10/2003,360.37
1/13/2003,364.05
1/14/2003,373.33
1/15/2003,371.82
1/16/2003,370.48
1/17/2003,367.16
1/20/2003,371.45
1/21/2003,375.91
1/22/2003,373.17
1/23/2003,376.56
1/24/2003,376.3
1/27/2003,370.8
1/28/2003,374.76
1/29/2003,369.69
1/30/2003,370.3
1/31/2003,370.01
2/3/2003,372.4
2/4/2003,373.37
2/5/2003,373.28
2/6/2003,379.1
2/7/2003,378.95
2/10/2003,375.48
2/11/2003,379.14
2/12/2003,380.26
2/13/2003,370.25
2/14/2003,368.71
2/18/2003,370.45
2/19/2003,371.18
2/20/2003,364.42
2/21/2003,359.53
2/24/2003,362.09
2/25/2003,356.76
2/26/2003,356.02
2/27/2003,358.89
2/28/2003,361.32
3/3/2003,367.67
3/4/2003,364.55
3/5/2003,359.9
3/6/2003,358.96
3/7/2003,358.48
3/10/2003,353.29
3/11/2003,350.98
3/12/2003,352.44
3/13/2003,353.48
3/14/2003,358.24
3/17/2003,354.61
3/18/2003,362.85
3/19/2003,361.13
3/20/2003,364.24
3/21/2003,363.62
3/24/2003,361.28
3/25/2003,363.74
3/26/2003,368.14
3/27/2003,368.94
3/28/2003,369.53
3/31/2003,364.55
4/1/2003,362.22
4/2/2003,363.02
4/3/2003,365.12
4/4/2003,371.93
4/8/2003,375.82
4/9/2003,376.2
4/10/2003,375.02
4/11/2003,383.36
4/16/2003,386.54
4/17/2003,384.63
4/18/2003,384.5
4/21/2003,385.5
4/22/2003,378.97
4/23/2003,375.39
4/24/2003,369.71
4/25/2003,368.53
4/28/2003,368.85
4/29/2003,372.92
4/30/2003,374.63
5/2/2003,375.24
5/6/2003,380.05
5/7/2003,379.45
5/8/2003,378.2
5/9/2003,384.32
5/12/2003,383.49
5/13/2003,386.79
5/14/2003,385.22
5/16/2003,383
5/19/2003,379.03
5/20/2003,382.97
5/21/2003,387.37
5/22/2003,388.62
5/23/2003,395.52
5/26/2003,396.88
5/27/2003,400.69
5/28/2003,402.98
5/29/2003,403.4
5/30/2003,403.82
6/2/2003,404.78
6/3/2003,403.69
6/4/2003,412.68
6/5/2003,415.63
6/6/2003,418.21
6/9/2003,419.28
6/10/2003,424.05
6/11/2003,422.6
6/12/2003,431.73
6/13/2003,427.97
6/16/2003,429.75
6/17/2003,442.3
6/18/2003,446.2
6/19/2003,454.19
6/20/2003,452.66
6/23/2003,458.79
6/24/2003,450.02
6/25/2003,453.89
6/26/2003,459.34
6/27/2003,457.51
6/30/2003,461.82
7/2/2003,477.73
7/3/2003,489.8
7/4/2003,495.72
7/7/2003,489.33
7/8/2003,496.64
7/9/2003,482.52
7/10/2003,474.28
7/11/2003,484.39
7/15/2003,494.2
7/16/2003,503.19
7/17/2003,495.08
7/18/2003,493.04
7/21/2003,487.44
7/22/2003,488.58
7/23/2003,480.44
7/24/2003,478.9
7/25/2003,484.86
7/28/2003,480.48
7/29/2003,478.29
7/30/2003,474.9
7/31/2003,484.11
8/1/2003,491.54
8/4/2003,494.84
8/5/2003,489.99
8/6/2003,489.77
8/7/2003,498.38
8/8/2003,503.2
8/11/2003,513.19
8/13/2003,525.15
8/14/2003,518.83
8/15/2003,519.04
8/18/2003,520.51
8/19/2003,525.94
8/20/2003,521.1
8/21/2003,530.21
8/22/2003,534.81
8/25/2003,529.53
8/26/2003,531.06
8/27/2003,525.82
8/28/2003,535.91
8/29/2003,537.71
9/1/2003,545.23
9/2/2003,541.9
9/3/2003,539.88
9/4/2003,545.43
9/5/2003,557.81
9/8/2003,564.41
9/9/2003,557.55
9/10/2003,560.57
9/11/2003,561.66
9/12/2003,568.37
9/15/2003,566.54
9/16/2003,568.83
9/17/2003,558.7
9/18/2003,553.32
9/19/2003,567.21
9/22/2003,562.19
9/23/2003,566.13
9/24/2003,575.55
9/25/2003,576.68
9/26/2003,580.87
9/29/2003,580.93
9/30/2003,578.98
10/1/2003,569.75
10/2/2003,567.02
10/3/2003,558.34
10/6/2003,544.36
10/7/2003,544.39
10/8/2003,560.74
10/9/2003,573.63
10/10/2003,582.15
10/13/2003,578.59
10/14/2003,568.47
10/15/2003,576.1
10/16/2003,583.61
10/17/2003,588.6
10/20/2003,592.78
10/21/2003,593.02
10/22/2003,604.77
10/24/2003,609.25
10/27/2003,615.68
10/28/2003,615.39
10/29/2003,624.06
10/30/2003,624.37
10/31/2003,639.45
11/3/2003,659.96
11/4/2003,665.06
11/5/2003,673.7
11/6/2003,667.54
11/7/2003,671
11/10/2003,664.36
11/11/2003,647.55
11/12/2003,653.49
11/13/2003,658.15
11/14/2003,657.38
11/17/2003,640.84
11/18/2003,636.75
11/19/2003,619.03
11/20/2003,614.23
11/21/2003,613.43
11/24/2003,605.29
11/25/2003,605.03
11/26/2003,630.82
11/27/2003,635.25
11/28/2003,646.03
12/1/2003,641.15
12/2/2003,646.64
12/3/2003,659.43
12/4/2003,659.29
12/8/2003,664.36
12/9/2003,667.08
12/11/2003,674
12/12/2003,674.45
12/15/2003,689.05
12/16/2003,691.88
12/17/2003,687.88
12/18/2003,700.93
12/19/2003,709.15
12/22/2003,718.33
12/23/2003,718.47
12/24/2003,723.39
12/25/2003,721.65
12/26/2003,734.89
12/29/2003,746.81
12/30/2003,764.23
12/31/2003,772.15
1/5/2004,790.93
1/6/2004,769.68
1/7/2004,750.97
1/8/2004,773.55
1/9/2004,783.44
1/12/2004,794.01
1/13/2004,792.23
1/14/2004,790.84
1/15/2004,767.39
1/16/2004,778.44
1/19/2004,774.67
1/20/2004,771.88
1/21/2004,766.72
1/22/2004,760.17
1/23/2004,754.44
1/26/2004,725.56
1/27/2004,739.47
1/28/2004,722.14
1/29/2004,714.04
1/30/2004,698.9
2/2/2004,667.33
2/3/2004,699.75
2/4/2004,718.06
2/5/2004,734.55
2/6/2004,711.15
2/9/2004,732.05
2/10/2004,739.64
2/11/2004,753.24
2/12/2004,748.16
2/13/2004,755.18
2/16/2004,738.92
2/17/2004,748.83
2/18/2004,742.33
2/19/2004,732.97
2/20/2004,728.64
2/23/2004,724.86
2/24/2004,720.28
2/25/2004,704.65
2/26/2004,697.92
2/27/2004,716.3
3/1/2004,705.25
3/2/2004,701.75
3/3/2004,696.24
3/4/2004,700.59
3/8/2004,704.46
3/9/2004,710.66
3/10/2004,705.29
3/11/2004,707.74
3/12/2004,695.08
3/15/2004,678.42
3/16/2004,669.8
3/17/2004,674.41
3/18/2004,687.19
3/19/2004,681.27
3/22/2004,681.34
3/23/2004,679.22
3/24/2004,677.61
3/25/2004,664.66
3/26/2004,665.25
3/29/2004,645.8
3/30/2004,649.21
3/31/2004,647.3
4/1/2004,671.92
4/2/2004,693.12
4/5/2004,709.89
4/7/2004,698.82
4/8/2004,691.69
4/9/2004,691.39
4/12/2004,701.72
4/16/2004,712.2
4/19/2004,704.65
4/20/2004,713.95
4/21/2004,706.65
4/22/2004,690.96
4/23/2004,681.88
4/26/2004,667.61
4/27/2004,680.89
4/28/2004,672.34
4/29/2004,656.38
4/30/2004,648.15
5/4/2004,644.1
5/6/2004,634.01
5/7/2004,636.8
5/10/2004,605.62
5/11/2004,618.1
5/12/2004,622.01
5/13/2004,611.23
5/14/2004,609.72
5/17/2004,581.61
5/18/2004,582.51
5/19/2004,614.99
5/20/2004,599.88
5/21/2004,615.41
5/24/2004,608.9
5/25/2004,601.51
5/26/2004,609.6
5/27/2004,630.72
5/28/2004,638.59
5/31/2004,641.05
6/1/2004,635.01
6/3/2004,627.54
6/4/2004,626.47
6/7/2004,625.83
6/8/2004,611.46
6/9/2004,611.61
6/10/2004,612.21
6/11/2004,613.13
6/14/2004,614
6/15/2004,613.76
6/16/2004,624.36
6/17/2004,623.72
6/18/2004,622.71
6/21/2004,630.03
6/22/2004,629.36
6/23/2004,627.24
6/24/2004,637.03
6/25/2004,644
6/28/2004,651.86
6/29/2004,649.62
6/30/2004,646.64
7/2/2004,647.57
7/5/2004,655.87
7/6/2004,664.69
7/7/2004,666.43
7/8/2004,659.14
7/9/2004,666.59
7/12/2004,661.49
7/13/2004,663
7/14/2004,652.79
7/15/2004,646.76
7/16/2004,646.11
7/19/2004,642.12
7/20/2004,645.58
7/21/2004,655.82
7/22/2004,650.12
7/23/2004,648.47
7/26/2004,633.42
7/27/2004,633.21
7/28/2004,634.73
7/29/2004,631.42
7/30/2004,636.7
8/3/2004,630.81
8/4/2004,619.19
8/5/2004,618.9
8/6/2004,610.94
8/9/2004,607.47
8/10/2004,606.94
8/11/2004,595.6
8/13/2004,588.87
8/16/2004,596.98
8/17/2004,602.75
8/18/2004,605.3
8/19/2004,602.54
8/20/2004,598.55
8/23/2004,599.55
8/24/2004,600.03
8/25/2004,607.69
8/26/2004,617.07
8/27/2004,620.12
8/30/2004,612.45
8/31/2004,624.59
9/1/2004,628.81
9/2/2004,628.78
9/3/2004,629.08
9/6/2004,630.87
9/7/2004,631.4
9/8/2004,630.21
9/9/2004,641.04
9/10/2004,640.6
9/13/2004,649.93
9/14/2004,651.89
9/15/2004,662.28
9/16/2004,662.39
9/17/2004,668.73
9/20/2004,668.29
9/21/2004,660.92
9/22/2004,663.51
9/23/2004,648.8
9/24/2004,654.6
9/27/2004,646.78
9/28/2004,637.89
9/29/2004,636.57
9/30/2004,644.67
10/1/2004,661.23
10/4/2004,679.13
10/5/2004,673.88
10/6/2004,668.51
10/7/2004,670.06
10/8/2004,676.15
10/11/2004,677.93
10/12/2004,658.27
10/13/2004,661.29
10/14/2004,641.3
10/15/2004,648.48
10/18/2004,646.51
10/19/2004,661
10/20/2004,652.46
10/21/2004,649.27
10/22/2004,659.05
10/26/2004,648.38
10/27/2004,626.85
10/28/2004,621.57
10/29/2004,628.16
11/1/2004,626.96
11/2/2004,631.99
11/3/2004,641.29
11/4/2004,639.13
11/5/2004,635.09
11/8/2004,629.2
11/9/2004,632.94
11/10/2004,625.78
11/11/2004,627.34
11/12/2004,639.74
11/15/2004,647.56
11/16/2004,642.65
11/17/2004,644.16
11/18/2004,646.93
11/19/2004,651.42
11/22/2004,644.95
11/23/2004,650.87
11/24/2004,643.06
11/25/2004,647.49
11/26/2004,648.75
11/29/2004,657.25
11/30/2004,656.73
12/1/2004,655.44
12/2/2004,661.08
12/3/2004,663.84
12/7/2004,655.83
12/8/2004,645.41
12/9/2004,648.78
12/13/2004,645.75
12/14/2004,646.08
12/15/2004,657.18
12/16/2004,661.42
12/17/2004,669.46
12/20/2004,675.71
12/21/2004,671.5
12/22/2004,672.79
12/23/2004,667.9
12/24/2004,670.35
12/27/2004,663.86
12/28/2004,662.39
12/29/2004,664.46
12/30/2004,668.1
1/4/2005,684.48
1/5/2005,683.5
1/6/2005,693.62
1/7/2005,697.84
1/10/2005,696.03
1/11/2005,691.97
1/12/2005,694.63
1/13/2005,693.43
1/14/2005,701.66
1/17/2005,708.3
1/18/2005,709.55
1/19/2005,709.03
1/20/2005,706.9
1/21/2005,696.85
1/24/2005,695.92
1/25/2005,702.14
1/26/2005,702.66
1/27/2005,701.25
1/28/2005,701.66
1/31/2005,701.91
2/1/2005,708.73
2/2/2005,710.33
2/3/2005,716.92
2/4/2005,719.1
2/7/2005,725.76
2/8/2005,731.42
2/9/2005,735.63
2/10/2005,736.22
2/11/2005,726.2
2/14/2005,728.8
2/15/2005,736.91
2/16/2005,739.37
2/17/2005,734.68
2/18/2005,737.5
2/21/2005,725.89
2/22/2005,730.56
2/24/2005,736.89
2/25/2005,740.04
2/28/2005,741.55
3/1/2005,738.75
3/2/2005,720.92
3/3/2005,720.39
3/4/2005,728.42
3/7/2005,737.42
3/8/2005,722.6
3/9/2005,722.58
3/10/2005,719.53
3/11/2005,710.98
3/14/2005,700.22
3/15/2005,696.84
3/16/2005,706.64
3/17/2005,706.53
3/18/2005,711.4
3/21/2005,705.03
3/22/2005,699.53
3/23/2005,693.26
3/24/2005,685.06
3/25/2005,687.32
3/28/2005,682.98
3/29/2005,676.91
3/30/2005,672.82
3/31/2005,681.49
4/1/2005,695.83
4/4/2005,682.52
4/5/2005,681.66
4/7/2005,677.97
4/8/2005,683.76
4/11/2005,694.34
4/12/2005,698.28
4/18/2005,676.9
4/19/2005,678.37
4/20/2005,684.19
4/21/2005,680.6
4/22/2005,677.25
4/25/2005,664.47
4/26/2005,662.13
4/27/2005,664.63
4/28/2005,659.24
4/29/2005,658.88
5/3/2005,669.72
5/4/2005,675.03
5/6/2005,689.36
5/9/2005,688.21
5/10/2005,681.83
5/11/2005,684.65
5/12/2005,682.12
5/13/2005,679.11
5/16/2005,670.76
5/17/2005,664.61
5/18/2005,672.19
5/19/2005,676.54
5/20/2005,670.65
5/24/2005,663.66
5/25/2005,660.18
5/26/2005,662.64
5/27/2005,663.48
5/30/2005,668.2
5/31/2005,667.55
6/1/2005,667.52
6/2/2005,672.81
6/3/2005,676.7
6/6/2005,682.3
6/7/2005,682.15
6/8/2005,684.07
6/9/2005,677.2
6/10/2005,679.98
6/13/2005,675.09
6/14/2005,683.68
6/15/2005,687.47
6/16/2005,687.16
6/17/2005,686.52
6/20/2005,679.68
6/21/2005,689.64
6/22/2005,686.57
6/23/2005,693.13
6/24/2005,690.25
6/27/2005,684.18
6/28/2005,684.68
6/29/2005,685.56
6/30/2005,675.5
7/4/2005,669.78
7/5/2005,663.52
7/6/2005,659.91
7/7/2005,638.31
7/8/2005,643.31
7/11/2005,640.82
7/12/2005,648.98
7/13/2005,658.37
7/14/2005,661.45
7/15/2005,655.46
7/18/2005,652.67
7/19/2005,648.67
7/20/2005,650.04
7/21/2005,648.92
7/25/2005,659.64
7/26/2005,656.91
7/27/2005,665.72
7/28/2005,670.09
7/29/2005,675.67
8/1/2005,674.99
8/2/2005,683.16
8/3/2005,687.94
8/4/2005,684.57
8/5/2005,686.01
8/8/2005,686.32
8/9/2005,681.54
8/10/2005,684.59
8/11/2005,681.95
8/15/2005,675.52
8/16/2005,667.18
8/17/2005,667.49
8/18/2005,672.02
8/19/2005,680.83
8/22/2005,690.77
8/23/2005,690.39
8/24/2005,695.67
8/25/2005,692.14
8/26/2005,695.89
8/29/2005,691.33
8/30/2005,692.86
8/31/2005,697.85
9/1/2005,710.28
9/2/2005,709.97
9/5/2005,707.94
9/6/2005,705.46
9/7/2005,708.5
9/8/2005,715.08
9/9/2005,712.78
9/12/2005,712.8
9/13/2005,710.31
9/14/2005,717.77
9/15/2005,711.2
9/16/2005,708.26
9/19/2005,708.98
9/20/2005,723.16
9/21/2005,721.16
9/22/2005,725.64
9/23/2005,725.31
9/26/2005,721.28
9/27/2005,724.24
9/28/2005,723.2
9/29/2005,722.83
9/30/2005,723.23
10/3/2005,717.42
10/4/2005,714.9
10/5/2005,717.17
10/6/2005,710.79
10/7/2005,708.98
10/10/2005,707.05
10/11/2005,709.13
10/12/2005,709.2
10/13/2005,704.32
10/14/2005,700.02
10/17/2005,696.28
10/18/2005,695.18
10/19/2005,684.07
10/20/2005,681.92
10/21/2005,686.21
10/25/2005,676.84
10/26/2005,685.04
10/27/2005,685.29
10/28/2005,682.25
10/31/2005,682.62
11/1/2005,693.27
11/2/2005,699.88
11/3/2005,704.79
11/4/2005,706.23
11/7/2005,700.75
11/8/2005,695.6
11/9/2005,696.85
11/10/2005,694.44
11/11/2005,690.45
11/14/2005,683.41
11/15/2005,681.58
11/16/2005,675.31
11/17/2005,672.63
11/18/2005,676.41
11/21/2005,672.06
11/22/2005,674.25
11/23/2005,669.18
11/24/2005,669.76
11/25/2005,669.89
11/28/2005,666.69
11/29/2005,669.9
11/30/2005,667.75
12/1/2005,660.95
12/2/2005,659.91
12/6/2005,679.16
12/7/2005,694.87
12/8/2005,692.58
12/9/2005,697.74
12/13/2005,693.48
12/14/2005,694.72
12/15/2005,690.49
12/16/2005,691.17
12/19/2005,691.28
12/20/2005,698.68
12/21/2005,698.43
12/22/2005,696.41
12/23/2005,698.95
12/26/2005,701.37
12/27/2005,706.47
12/28/2005,705.29
12/29/2005,710.22
12/30/2005,713.73
1/3/2006,725.64
1/4/2006,743.2
1/5/2006,741.28
1/6/2006,747.34
1/9/2006,762.26
1/10/2006,759.32
1/11/2006,764.01
1/12/2006,753.04
1/13/2006,755.72
1/16/2006,752
1/17/2006,750.73
1/18/2006,736.4
1/19/2006,744.98
1/20/2006,747.7
1/23/2006,750.28
1/24/2006,745.95
1/25/2006,762.7
1/26/2006,761.14
1/27/2006,761.27
1/30/2006,756.15
1/31/2006,762.63
2/1/2006,760.36
2/2/2006,744.54
2/3/2006,747.09
2/6/2006,744.12
2/7/2006,743.37
2/8/2006,734.63
2/9/2006,733.14
2/10/2006,738.07
2/14/2006,727.91
2/15/2006,725.73
2/16/2006,735.16
2/17/2006,739.35
2/20/2006,734.65
2/21/2006,727.76
2/22/2006,728.6
2/23/2006,732.68
2/24/2006,741.8
2/27/2006,753.1
2/28/2006,744.05
3/1/2006,748.28
3/2/2006,752.52
3/3/2006,753.39
3/6/2006,750.81
3/7/2006,738.36
3/8/2006,723.86
3/9/2006,728.99
3/10/2006,728.18
3/13/2006,732.88
3/14/2006,738.63
3/15/2006,741.21
3/16/2006,739.96
3/17/2006,741.43
3/20/2006,734.51
3/21/2006,732.48
3/22/2006,724.41
3/23/2006,729.72
3/24/2006,730.85
3/27/2006,733.33
3/28/2006,729.24
3/29/2006,724.87
3/30/2006,730.99
3/31/2006,733.25
4/3/2006,738.67
4/4/2006,745.33
4/5/2006,768.07
4/7/2006,770.33
4/10/2006,757.51
4/11/2006,757.4
4/12/2006,755.43
4/17/2006,759.42
4/18/2006,764.17
4/20/2006,774.57
4/21/2006,773.06
4/24/2006,771.54
4/25/2006,763.88
4/26/2006,770.4
4/27/2006,770.01
4/28/2006,768.29
5/2/2006,768.26
5/3/2006,774.44
5/4/2006,768.22
5/8/2006,782.91
5/9/2006,785.38
5/10/2006,784.28
5/11/2006,782.5
5/15/2006,765.97
5/16/2006,761.87
5/17/2006,762.36
5/18/2006,748.3
5/19/2006,746.33
5/22/2006,724.44
5/23/2006,727.21
5/24/2006,714.1
5/25/2006,701.03
5/26/2006,717.5
5/29/2006,721.58
5/30/2006,713.96
5/31/2006,709.43
6/1/2006,710.3
6/2/2006,722.61
6/5/2006,713.22
6/6/2006,702.04
6/7/2006,688.22
6/8/2006,675.63
6/9/2006,670.41
6/14/2006,646.69
6/15/2006,648.32
6/16/2006,665.39
6/19/2006,659.68
6/20/2006,646.78
6/21/2006,649.74
6/22/2006,659.32
6/23/2006,659.52
6/26/2006,659.27
6/27/2006,659.69
6/28/2006,666.8
6/29/2006,670.71
6/30/2006,678.13
7/3/2006,683.98
7/4/2006,694.52
7/5/2006,680.72
7/6/2006,688.96
7/7/2006,686.11
7/10/2006,684.55
7/12/2006,686.02
7/13/2006,672.34
7/14/2006,661.59
7/17/2006,653.02
7/18/2006,659.58
7/19/2006,660.11
7/20/2006,668.96
7/21/2006,685.71
7/24/2006,683.76
7/25/2006,688.35
7/26/2006,690.92
7/27/2006,695.83
7/28/2006,691.43
7/31/2006,691.49
8/1/2006,686.97
8/2/2006,694.09
8/3/2006,703.1
8/4/2006,703.28
8/7/2006,705.35
8/8/2006,711.8
8/9/2006,708.93
8/10/2006,698.12
8/11/2006,708.42
8/15/2006,707.68
8/16/2006,712.07
8/17/2006,709.01
8/18/2006,708.49
8/21/2006,705.93
8/22/2006,706.3
8/23/2006,698.01
8/24/2006,692.17
8/25/2006,689.13
8/28/2006,682.07
8/29/2006,686.24
8/30/2006,684.51
8/31/2006,690.9
9/1/2006,696.44
9/4/2006,703.53
9/5/2006,701.1
9/6/2006,701.96
9/7/2006,692.56
9/8/2006,692.46
9/11/2006,686.03
9/12/2006,687.76
9/13/2006,698.19
9/14/2006,701.97
9/15/2006,700.61
9/18/2006,705.89
9/19/2006,702.56
9/21/2006,692.57
9/22/2006,681.71
9/25/2006,686.74
9/26/2006,688.63
9/27/2006,693.03
9/28/2006,687.9
9/29/2006,686.1
10/2/2006,683.84
10/3/2006,681.84
10/4/2006,687.96
10/5/2006,695.72
10/6/2006,694.6
10/9/2006,692.26
10/10/2006,699.16
10/11/2006,697.82
10/12/2006,709.67
10/13/2006,712.05
10/16/2006,717.11
10/17/2006,710.74
10/18/2006,718.74
10/19/2006,720.87
10/20/2006,724.98
10/24/2006,728.53
10/25/2006,732.8
10/26/2006,728.49
10/27/2006,725.77
10/30/2006,718.74
10/31/2006,722.46
11/1/2006,730.87
11/2/2006,729.03
11/3/2006,732.3
11/6/2006,734.9
11/7/2006,738.9
11/8/2006,738.93
11/9/2006,743.85
11/10/2006,740.42
11/13/2006,736.83
11/14/2006,733.87
11/15/2006,734.05
11/16/2006,733.14
11/17/2006,733.92
11/20/2006,726.37
11/21/2006,724.64
11/22/2006,729.43
11/23/2006,728.92
11/24/2006,723.87
11/27/2006,734.66
11/28/2006,727.33
11/29/2006,735.76
11/30/2006,739.06
12/1/2006,741.38
12/4/2006,742.45
12/6/2006,746.16
12/7/2006,745.54
12/8/2006,740.94
12/12/2006,738.25
12/13/2006,734.98
12/14/2006,732.4
12/15/2006,736.29
12/18/2006,730.55
12/19/2006,622.14
12/20/2006,691.55
12/21/2006,676.1
12/22/2006,680.31
12/25/2006,684.32
12/26/2006,688.72
12/27/2006,687.88
12/28/2006,680.36
12/29/2006,679.84
1/3/2007,659.25
1/4/2007,648.22
1/5/2007,628.19
1/8/2007,633.82
1/9/2007,616.75
1/10/2007,622.27
1/11/2007,637.63
1/12/2007,645.71
1/15/2007,656.31
1/16/2007,655.9
1/17/2007,651.47
1/18/2007,654.89
1/19/2007,658.17
1/22/2007,655.12
1/23/2007,650.76
1/24/2007,657.16
1/25/2007,660.71
1/26/2007,657.65
1/29/2007,653.92
1/30/2007,653.49
1/31/2007,654.04
2/1/2007,657
2/2/2007,670.6
2/5/2007,674.42
2/6/2007,673.63
2/7/2007,675.33
2/8/2007,691.28
2/9/2007,695.27
2/12/2007,697.46
2/13/2007,692.48
2/14/2007,697.84
2/15/2007,693.86
2/16/2007,688.01
2/19/2007,685.38
2/20/2007,690.67
2/21/2007,692.38
2/22/2007,693.61
2/23/2007,690.76
2/26/2007,688.7
2/27/2007,683.95
2/28/2007,677.13
3/1/2007,680.6
3/2/2007,679.02
3/6/2007,674.24
3/7/2007,670.37
3/8/2007,671.98
3/9/2007,671.17
3/12/2007,672.36
3/13/2007,675.2
3/14/2007,670.62
3/15/2007,674.31
3/16/2007,671.05
3/19/2007,669.14
3/20/2007,671.76
3/21/2007,669.56
3/22/2007,674.84
3/23/2007,677.79
3/26/2007,679.04
3/27/2007,678.57
3/28/2007,669.04
3/29/2007,671.62
3/30/2007,673.71
4/2/2007,679.62
4/3/2007,686.53
4/4/2007,693.54
4/5/2007,692.47
4/9/2007,688.55
4/10/2007,689.48
4/11/2007,695.1
4/12/2007,692.46
4/17/2007,695.03
4/18/2007,692.27
4/19/2007,687.23
4/20/2007,687.53
4/23/2007,686.18
4/24/2007,685.48
4/25/2007,690.3
4/26/2007,690.79
4/27/2007,695.11
4/30/2007,699.16
5/2/2007,705.47
5/3/2007,709.91
5/4/2007,716.44
5/8/2007,712.87
5/9/2007,706.29
5/10/2007,707.19
5/11/2007,706.9
5/14/2007,712.18
5/15/2007,713.27
5/16/2007,721.66
5/17/2007,724.37
5/18/2007,728.76
5/21/2007,728.22
5/22/2007,732.77
5/23/2007,731.22
5/24/2007,720.72
5/25/2007,719.14
5/28/2007,727.93
5/29/2007,727.79
5/30/2007,737.4
6/1/2007,753.93
6/4/2007,770.61
6/5/2007,760.59
6/6/2007,759.42
6/7/2007,758.83
6/8/2007,752
6/11/2007,754.15
6/12/2007,743.42
6/13/2007,726.6
6/14/2007,734.93
6/15/2007,744.25
6/18/2007,766.2
6/19/2007,763.78
6/20/2007,777.1
6/21/2007,776.2
6/22/2007,772.05
6/25/2007,764.12
6/26/2007,766.97
6/27/2007,771
6/28/2007,777.68
6/29/2007,776.79
7/2/2007,792.71
7/3/2007,813.52
7/4/2007,825.45
7/5/2007,823.93
7/6/2007,832.38
7/9/2007,844.19
7/10/2007,858.45
7/11/2007,846.28
7/12/2007,843.87
7/13/2007,859.14
7/16/2007,857.08
7/17/2007,856.91
7/18/2007,849.56
7/19/2007,847.26
7/20/2007,850.54
7/23/2007,862.62
7/24/2007,880.95
7/25/2007,883.65
7/26/2007,884.16
7/27/2007,863.58
7/31/2007,859.76
8/1/2007,833.47
8/2/2007,830.29
8/3/2007,837.73
8/6/2007,815.87
8/7/2007,814.4
8/8/2007,831.64
8/9/2007,811.83
8/10/2007,804.84
8/14/2007,793.82
8/15/2007,773.92
8/16/2007,750.69
8/17/2007,758.42
8/20/2007,792.02
8/21/2007,764.4
8/22/2007,784.43
8/23/2007,791.5
8/24/2007,790.72
8/27/2007,791.17
8/28/2007,788.21
8/29/2007,792.04
8/30/2007,791.58
8/31/2007,813.21
9/3/2007,820.19
9/4/2007,810.86
9/5/2007,814.5
9/6/2007,809.82
9/7/2007,801.46
9/10/2007,796.85
9/11/2007,801.54
9/12/2007,802
9/13/2007,807.1
9/14/2007,811.95
9/17/2007,802.65
9/18/2007,802.54
9/19/2007,811.79
9/20/2007,815.43
9/21/2007,831.51
9/24/2007,836.51
9/25/2007,835.18
9/26/2007,844.4
9/27/2007,843.05
9/28/2007,845.5
10/1/2007,852.47
10/2/2007,853.43
10/3/2007,850.58
10/4/2007,848.95
10/5/2007,852.33
10/8/2007,863.16
10/9/2007,867.59
10/10/2007,875.1
10/11/2007,889.06
10/12/2007,887.02
10/15/2007,897.1
10/16/2007,894.53
10/17/2007,884.53
10/18/2007,876.75
10/19/2007,875.83
10/22/2007,860.09
10/24/2007,866.03
10/25/2007,893.45
10/26/2007,894.57
10/29/2007,915.03
10/30/2007,906.66
10/31/2007,907.28
11/1/2007,902.73
11/2/2007,894.34
11/5/2007,872.86
11/6/2007,886.31
11/7/2007,880.27
11/8/2007,873.64
11/9/2007,874.64
11/12/2007,861.93
11/13/2007,857.66
11/14/2007,861.51
11/15/2007,855.52
11/16/2007,849.07
11/19/2007,831.14
11/20/2007,830.05
11/21/2007,807.58
11/22/2007,808.82
11/23/2007,824.25
11/26/2007,832.78
11/27/2007,822.99
11/28/2007,820.52
11/29/2007,844.8
11/30/2007,846.44
12/3/2007,831.12
12/4/2007,833.34
12/6/2007,845.19
12/7/2007,841.39
12/11/2007,840.45
12/12/2007,834.09
12/13/2007,833.09
12/14/2007,836.4
12/17/2007,817.62
12/18/2007,813.9
12/19/2007,804.98
12/20/2007,791.71
12/21/2007,813.6
12/25/2007,843.28
12/26/2007,841.2
12/27/2007,852.06
12/28/2007,858.1
1/2/2008,842.97
1/3/2008,832.63
1/4/2008,821.71
1/7/2008,808.31
1/8/2008,811.69
1/9/2008,820.47
1/10/2008,800.18
1/11/2008,796.47
1/14/2008,791.15
1/15/2008,779.79
1/16/2008,773.8
1/17/2008,791.25
1/18/2008,789.67
1/21/2008,766.53
1/22/2008,741.54
1/23/2008,740.65
1/24/2008,728.58
1/25/2008,759.72
1/28/2008,744.36
1/29/2008,754.87
1/30/2008,763.48
1/31/2008,784.23
2/1/2008,810.86
2/4/2008,811.56
2/5/2008,807.68
2/6/2008,794.63
2/7/2008,793.17
2/8/2008,806.44
2/11/2008,804.15
2/12/2008,817.49
2/13/2008,829.41
2/14/2008,832.11
2/15/2008,826.65
2/18/2008,824.99
2/19/2008,835.62
2/20/2008,827.13
2/22/2008,826.86
2/25/2008,838.74
2/26/2008,834.67
2/27/2008,832.04
2/28/2008,842.12
2/29/2008,845.76
3/3/2008,842.92
3/4/2008,831.41
3/5/2008,824.98
3/6/2008,827.71
3/7/2008,821.57
3/10/2008,806.65
3/11/2008,819.83
3/12/2008,827
3/13/2008,814.31
3/14/2008,818.04
3/17/2008,806.74
3/18/2008,812.32
3/19/2008,807.67
3/20/2008,798.11
3/21/2008,803.32
3/24/2008,807.28
3/25/2008,820.31
3/26/2008,817.57
3/27/2008,822.96
3/28/2008,825.17
3/31/2008,817.03
4/1/2008,823.36
4/2/2008,825.71
4/3/2008,826.68
4/4/2008,824.8
4/8/2008,826.85
4/9/2008,826.19
4/10/2008,820.98
4/11/2008,827.1
4/16/2008,833.38
4/17/2008,845.43
4/18/2008,845.4
4/21/2008,841.98
4/22/2008,850.02
4/23/2008,837.66
4/24/2008,834.31
4/25/2008,832.19
4/28/2008,836.42
4/29/2008,833.63
4/30/2008,832.45
5/2/2008,843.15
5/6/2008,845.83
5/7/2008,848.71
5/8/2008,850.17
5/9/2008,846.71
5/12/2008,842.22
5/13/2008,839.28
5/14/2008,848.94
5/15/2008,855.61
5/16/2008,870.33
5/20/2008,873.82
5/21/2008,884.19
5/22/2008,874.54
5/23/2008,875.59
5/26/2008,856.8
5/27/2008,855.6
5/28/2008,832.99
5/29/2008,830.61
5/30/2008,833.65
6/2/2008,810.22
6/3/2008,806.86
6/4/2008,808.92
6/5/2008,809.82
6/6/2008,817.33
6/9/2008,805.58
6/10/2008,791.94
6/11/2008,791.66
6/12/2008,790.8
6/13/2008,782.64
6/16/2008,787.59
6/17/2008,777.17
6/18/2008,765.74
6/19/2008,742.46
6/20/2008,768.9
6/23/2008,768.9
6/24/2008,763.75
6/25/2008,778.42
6/26/2008,774.39
6/27/2008,775.73
6/30/2008,768.59
7/2/2008,760.01
7/3/2008,742.15
7/4/2008,743.03
7/7/2008,730.56
7/8/2008,722.5
7/9/2008,721.13
7/10/2008,721.86
7/11/2008,730.29
7/14/2008,717.06
7/15/2008,693.41
7/16/2008,669.97
7/18/2008,664.52
7/21/2008,687.3
7/22/2008,682.15
7/23/2008,694.14
7/24/2008,691.48
7/25/2008,685.47
7/28/2008,685.53
7/29/2008,676.73
7/30/2008,669.9
7/31/2008,676.32
8/1/2008,678.66
8/4/2008,674.67
8/5/2008,667.12
8/6/2008,676.35
8/7/2008,705.35
8/8/2008,690.7
8/11/2008,702.93
8/13/2008,701.6
8/14/2008,705.6
8/15/2008,707.48
8/18/2008,697.23
8/19/2008,691.33
8/20/2008,690.05
8/21/2008,676.53
8/22/2008,681.93
8/25/2008,678.2
8/26/2008,668.92
8/27/2008,675.99
8/28/2008,682.83
8/29/2008,684.44
9/1/2008,675.22
9/2/2008,659.51
9/3/2008,649.93
9/4/2008,654.85
9/5/2008,645.8
9/8/2008,665.66
9/9/2008,663.61
9/10/2008,655.54
9/11/2008,646.8
9/12/2008,654.34
9/15/2008,642.39
9/16/2008,624.56
9/17/2008,605.14
9/18/2008,600.38
9/19/2008,624.83
9/22/2008,614.49
9/23/2008,608.25
9/24/2008,620.43
9/25/2008,621.14
9/26/2008,618.97
9/29/2008,601.29
9/30/2008,596.54
10/1/2008,594.45
10/2/2008,597.69
10/3/2008,590.05
10/6/2008,551.8
10/7/2008,528.71
10/8/2008,492.34
10/9/2008,499.99
10/10/2008,451.96
10/13/2008,476.33
10/14/2008,500.77
10/15/2008,481.5
10/16/2008,477.73
10/17/2008,471.31
10/20/2008,476.95
10/21/2008,478.79
10/22/2008,465.24
10/24/2008,432.87
10/27/2008,387.43
10/28/2008,398.04
10/29/2008,384.15
10/30/2008,408.31
10/31/2008,416.53
11/3/2008,449.19
11/4/2008,457.62
11/5/2008,457.36
11/6/2008,462.93
11/7/2008,463.81
11/10/2008,456.44
11/11/2008,442.31
11/12/2008,435.7
11/13/2008,433.47
11/14/2008,429.97
11/17/2008,434.21
11/18/2008,419.97
11/19/2008,408.51
11/20/2008,393.85
11/21/2008,397.51
11/24/2008,386.12
11/25/2008,391.85
11/26/2008,395.22
11/27/2008,389.81
11/28/2008,401.84
12/1/2008,390.92
12/2/2008,387.32
12/3/2008,392.92
12/4/2008,392.87
12/8/2008,410.58
12/9/2008,423.79
12/11/2008,424.61
12/12/2008,424.79
12/15/2008,437.06
12/16/2008,445.31
12/17/2008,445.94
12/18/2008,451.72
12/19/2008,447.01
12/22/2008,434.08
12/23/2008,440.4
12/24/2008,439.17
12/25/2008,444.64
12/26/2008,446.62
12/29/2008,446.7
12/30/2008,449.96
1/5/2009,478.69
1/6/2009,473.15
1/7/2009,462.96
1/8/2009,465.03
1/9/2009,459.06
1/12/2009,452.8
1/13/2009,433.81
1/14/2009,439.51
1/15/2009,426.26
1/16/2009,435.2
1/19/2009,435.71
1/20/2009,433.19
1/21/2009,431.23
1/22/2009,438.27
1/23/2009,433.52
1/26/2009,436.73
1/27/2009,444.79
1/28/2009,448.35
1/29/2009,435
1/30/2009,437.69
2/2/2009,427.85
2/3/2009,430.69
2/4/2009,433.04
2/5/2009,433.44
2/6/2009,444.39
2/10/2009,443.17
2/11/2009,444.1
2/12/2009,440.63
2/13/2009,445.77
2/16/2009,446.64
2/17/2009,438.22
2/18/2009,439.6
2/19/2009,441.62
2/20/2009,434.67
2/23/2009,434.99
2/24/2009,431.32
2/25/2009,434.24
2/26/2009,431.94
2/27/2009,431.52
3/2/2009,416.52
3/3/2009,413.09
3/4/2009,417.86
3/5/2009,417.11
3/6/2009,419.51
3/9/2009,411.27
3/10/2009,417.41
3/11/2009,414.41
3/12/2009,415.04
3/13/2009,424.79
3/16/2009,424.61
3/17/2009,422.32
3/18/2009,426.2
3/19/2009,427.72
3/20/2009,429.64
3/23/2009,438.17
3/24/2009,438.16
3/25/2009,436.92
3/26/2009,439.4
3/27/2009,440.81
3/30/2009,429.6
3/31/2009,431.5
4/1/2009,430.09
4/2/2009,442.96
4/3/2009,446.04
4/7/2009,442.56
4/8/2009,443.57
4/9/2009,444.07
4/10/2009,453.88
4/16/2009,452.97
4/17/2009,456.8
4/20/2009,466.28
4/21/2009,466.38
4/22/2009,460.62
4/23/2009,466.06
4/24/2009,474.07
4/27/2009,474.99
4/28/2009,472.72
4/29/2009,483.5
4/30/2009,491.69
5/4/2009,506.26
5/6/2009,523.15
5/7/2009,527.72
5/11/2009,535.18
5/12/2009,544.54
5/13/2009,552.71
5/14/2009,526.55
5/15/2009,533.92
5/18/2009,540.22
5/19/2009,556.47
5/20/2009,561.41
5/21/2009,548.77
5/22/2009,554.02
5/25/2009,550.51
5/26/2009,542.69
5/27/2009,555.41
5/28/2009,555.43
5/29/2009,560.41
6/1/2009,579.98
6/2/2009,574.3
6/3/2009,582.25
6/4/2009,593.6
6/5/2009,604.57
6/8/2009,600.03
6/9/2009,607.73
6/10/2009,624.55
6/11/2009,627.07
6/12/2009,628.55
6/15/2009,611.92
6/16/2009,596.54
6/17/2009,586.14
6/18/2009,570.43
6/19/2009,588.98
6/22/2009,582.29
6/23/2009,569.85
6/24/2009,581.43
6/25/2009,590.6
6/26/2009,595.8
6/29/2009,601.6
6/30/2009,597.48
7/2/2009,586.42
7/3/2009,583.48
7/8/2009,575.87
7/9/2009,581.99
7/10/2009,566.03
7/13/2009,562.55
7/14/2009,577.75
7/15/2009,587.86
7/16/2009,582.74
7/17/2009,596.11
7/20/2009,613.67
7/21/2009,609.83
7/22/2009,598.22
7/23/2009,612.19
7/24/2009,614.24
7/27/2009,617.83
7/28/2009,621.96
7/29/2009,614.88
7/30/2009,621.95
7/31/2009,624
8/3/2009,641.43
8/4/2009,641.23
8/5/2009,640.16
8/6/2009,649.21
8/7/2009,644.2
8/10/2009,643.75
8/11/2009,643.02
8/13/2009,655.68
8/14/2009,654.25
8/17/2009,632.05
8/18/2009,640.25
8/19/2009,631.28
8/20/2009,640.98
8/21/2009,644.63
8/24/2009,653.2
8/25/2009,655.46
8/26/2009,658.28
8/27/2009,652.4
8/28/2009,656.98
8/31/2009,653.25
9/1/2009,654.12
9/2/2009,654.12
9/3/2009,665.54
9/4/2009,668.41
9/7/2009,682.57
9/8/2009,691.73
9/9/2009,695.59
9/10/2009,703.09
9/11/2009,707.81
9/14/2009,694.32
9/15/2009,703.16
9/16/2009,710.25
9/17/2009,709.23
9/18/2009,713.67
9/21/2009,713.16
9/22/2009,724.37
9/23/2009,730.52
9/24/2009,728.54
9/25/2009,721.57
9/28/2009,708.88
9/29/2009,715.29
9/30/2009,717.07
10/1/2009,726.91
10/2/2009,724.56
10/5/2009,718.47
10/6/2009,731.39
10/7/2009,741.92
10/8/2009,744.03
10/9/2009,746.87
10/12/2009,751.86
10/13/2009,746.67
10/14/2009,731.47
10/15/2009,692.72
10/16/2009,717.12
10/19/2009,731.61
10/20/2009,725.6
10/21/2009,716.35
10/22/2009,708.76
10/26/2009,711.83
10/27/2009,714.54
10/28/2009,703.95
10/29/2009,690.1
10/30/2009,685.24
11/2/2009,677.22
11/3/2009,668.48
11/4/2009,686.41
11/5/2009,681.91
11/6/2009,698.63
11/9/2009,713.48
11/10/2009,708.2
11/11/2009,717.9
11/12/2009,696.72
11/13/2009,698.33
11/16/2009,706.75
11/17/2009,706.55
11/18/2009,707.26
11/19/2009,700.42
11/20/2009,695.25
11/23/2009,690.41
11/24/2009,676.22
11/25/2009,695.69
11/26/2009,685.73
11/27/2009,680.37
11/30/2009,689.07
12/1/2009,710.01
12/2/2009,693.51
12/3/2009,706.84
12/4/2009,701.58
12/8/2009,698.82
12/9/2009,694.71
12/11/2009,703.64
12/14/2009,709.74
12/15/2009,709.64
12/16/2009,716.01
12/17/2009,715.81
12/18/2009,715.68
12/21/2009,715.17
12/22/2009,724.4
12/23/2009,729.8
12/24/2009,727.21
12/25/2009,730.41
12/28/2009,733.71
12/29/2009,742.16
12/30/2009,734.54
1/4/2010,732.28
1/5/2010,732.11
1/6/2010,735.73
1/7/2010,734.63
1/8/2010,738.96
1/11/2010,746.95
1/12/2010,745.24
1/13/2010,746.74
1/14/2010,749.42
1/15/2010,746.52
1/18/2010,746.89
1/19/2010,736.48
1/20/2010,731.8
1/21/2010,718.99
1/22/2010,714.1
1/25/2010,710.39
1/26/2010,701.66
1/27/2010,690.46
1/28/2010,689.72
1/29/2010,696.55
2/1/2010,697.61
2/2/2010,694.07
2/3/2010,707.65
2/4/2010,702.52
2/5/2010,691.41
2/8/2010,688.09
2/9/2010,685.89
2/10/2010,688.41
2/11/2010,695.41
2/12/2010,698.03
2/15/2010,689.09
2/16/2010,692.73
2/17/2010,697.49
2/18/2010,695.66
2/19/2010,700.44
2/22/2010,705.8
2/23/2010,715.58
2/24/2010,715.18
2/25/2010,717.1
2/26/2010,721.37
3/2/2010,733.19
3/3/2010,735.04
3/4/2010,730.82
3/5/2010,723.96
3/8/2010,720.29
3/9/2010,718.77
3/10/2010,720.84
3/11/2010,725.95
3/12/2010,733.34
3/15/2010,734.83
3/16/2010,752.2
3/17/2010,765.54
3/18/2010,759.02
3/19/2010,774.59
3/22/2010,772.25
3/23/2010,782.48
3/24/2010,786.54
3/25/2010,784.38
3/26/2010,778.86
3/29/2010,771.4
3/30/2010,788.8
3/31/2010,787.98
4/1/2010,801.32
4/2/2010,801.15
4/5/2010,808.15
4/7/2010,812.63
4/8/2010,783.93
4/9/2010,789.66
4/12/2010,760.9
4/16/2010,736.16
4/19/2010,726.29
4/20/2010,765.76
4/21/2010,757.85
4/22/2010,761.18
4/23/2010,754.58
4/26/2010,764.34
4/27/2010,762
4/28/2010,749.49
4/29/2010,753.2
4/30/2010,763.51
5/4/2010,796.86
5/6/2010,785.25
5/7/2010,768.55
5/10/2010,779.06
5/11/2010,772.09
5/12/2010,773.72
5/13/2010,766.55
5/14/2010,768.79
5/17/2010,753.26
5/18/2010,760.11
5/19/2010,765.54
5/24/2010,744.31
5/25/2010,721.29
5/26/2010,728.94
5/27/2010,737.28
5/31/2010,750.43
6/1/2010,740.92
6/2/2010,749.68
6/3/2010,765.96
6/4/2010,771.48
6/7/2010,759.85
6/8/2010,757.41
6/9/2010,764.21
6/10/2010,768.16
6/11/2010,769.55
6/14/2010,781.13
6/15/2010,780.37
6/16/2010,786.64
6/17/2010,789.34
6/18/2010,791.85
6/21/2010,806.07
6/22/2010,804.13
6/23/2010,806.52
6/24/2010,793.19
6/25/2010,793.67
6/28/2010,804.4
6/29/2010,799.09
6/30/2010,797.31
7/2/2010,802.57
7/5/2010,804.03
7/6/2010,815.52
7/7/2010,814.68
7/8/2010,817.57
7/9/2010,820.6
7/12/2010,819.61
7/13/2010,817.35
7/14/2010,819.54
7/15/2010,821.02
7/16/2010,827.54
7/19/2010,830.4
7/20/2010,824.41
7/21/2010,830.93
7/22/2010,833.01
7/23/2010,840.24
7/27/2010,853.68
7/28/2010,853.78
7/29/2010,854.59
7/30/2010,855.83
8/2/2010,863.18
8/3/2010,864.48
8/4/2010,867.34
8/5/2010,874.92
8/6/2010,875.07
8/9/2010,875.18
8/10/2010,861.95
8/11/2010,862.16
8/16/2010,860.55
8/17/2010,865.78
8/18/2010,880.02
8/19/2010,891.23
8/20/2010,893.92
8/23/2010,894.78
8/24/2010,890.45
8/25/2010,884.51
8/26/2010,886.1
8/27/2010,900.37
8/30/2010,909.65
8/31/2010,913.19
9/1/2010,919.34
9/2/2010,920.54
9/3/2010,929.9
9/6/2010,931.52
9/7/2010,923.89
9/8/2010,923.88
9/9/2010,921.49
9/10/2010,924.57
9/13/2010,937.04
9/14/2010,921.39
9/15/2010,921.1
9/16/2010,924.81
9/17/2010,923.57
9/20/2010,923.06
9/21/2010,937.21
9/22/2010,945
9/23/2010,947.1
9/24/2010,951.9
9/27/2010,962.47
9/28/2010,959.27
9/29/2010,969.65
9/30/2010,975.3
10/1/2010,978.58
10/4/2010,964.22
10/5/2010,969.28
10/6/2010,979
10/7/2010,970.9
10/8/2010,963.19
10/11/2010,977.85
10/12/2010,977.08
10/13/2010,992.6
10/14/2010,993.72
10/15/2010,997.15
10/18/2010,984.03
10/19/2010,989.27
10/20/2010,988.11
10/21/2010,988.8
10/22/2010,992.24
10/26/2010,996.04
10/27/2010,983.96
10/28/2010,987.23
10/29/2010,984.46
11/1/2010,1003.24
11/2/2010,1005.58
11/3/2010,1014.2
11/4/2010,1031.61
11/5/2010,1040.45
11/8/2010,1049.79
11/9/2010,1047.55
11/10/2010,1042.28
11/11/2010,1029.86
11/12/2010,1018.86
11/15/2010,1029.14
11/16/2010,1000.73
11/17/2010,990.13
11/18/2010,1004.72
11/19/2010,1008.77
11/22/2010,1019.19
11/23/2010,1009.47
11/24/2010,1005.97
11/25/2010,996.42
11/26/2010,991.71
11/29/2010,1009
11/30/2010,1005.12
12/1/2010,1017.64
12/2/2010,1031.97
12/3/2010,1034.06
12/7/2010,1040.72
12/8/2010,1025.08
12/9/2010,1035.85
12/13/2010,1033.32
12/14/2010,1037.41
12/15/2010,1035.47
12/16/2010,1029.6
12/17/2010,1022.46
12/20/2010,1006.51
12/21/2010,1013.19
12/22/2010,1019.14
12/23/2010,1021.27
12/24/2010,1021.99
12/27/2010,1019.46
12/28/2010,1028.33
12/29/2010,1034.59
12/30/2010,1032.76
1/4/2011,1042.41
1/5/2011,1050.78
1/6/2011,1050.98
1/7/2011,1036.45
1/10/2011,1018.03
1/11/2011,1013.39
1/12/2011,1019.51
1/13/2011,1035.08
1/14/2011,1032.26
1/17/2011,1023.19
1/18/2011,1024.54
1/19/2011,1034.8
1/20/2011,1022.16
1/21/2011,1006.57
1/24/2011,963.68
1/25/2011,959.17
1/26/2011,978.07
1/27/2011,986.71
1/28/2011,981.83
1/31/2011,964.1
2/1/2011,959.69
2/2/2011,977.84
2/3/2011,980.6
2/4/2011,984.78
2/7/2011,985.63
2/8/2011,983.53
2/9/2011,969.89
2/10/2011,949.09
2/11/2011,949.57
2/14/2011,967.07
2/15/2011,968.49
2/16/2011,982.07
2/17/2011,995.57
2/21/2011,995.67
2/22/2011,987.21
2/23/2011,990.91
2/24/2011,977.22
2/25/2011,985.91
2/28/2011,987.91
3/1/2011,994.48
3/2/2011,987.59
3/3/2011,990.08
3/4/2011,995.91
3/7/2011,1002.94
3/8/2011,1018.57
3/9/2011,1017.01
3/10/2011,1019.22
3/11/2011,1007.06
3/14/2011,1022.89
3/15/2011,1003.1
3/16/2011,1008.13
3/17/2011,1002.35
3/18/2011,1003.29
3/21/2011,1019.93
3/22/2011,1019.14
3/23/2011,1027.54
3/24/2011,1034.39
3/25/2011,1037.73
3/28/2011,1032.94
3/29/2011,1036.36
3/30/2011,1050.67
3/31/2011,1047.48
4/1/2011,1064.35
4/4/2011,1078.66
4/5/2011,1076.13
4/7/2011,1089.21
4/8/2011,1082.69
4/11/2011,1076.33
4/12/2011,1084.91
4/18/2011,1090.67
4/19/2011,1095.88
4/20/2011,1107.36
4/21/2011,1109.92
4/22/2011,1105.29
4/25/2011,1105.43
4/26/2011,1096.95
4/27/2011,1101.35
4/28/2011,1092.31
4/29/2011,1093.56
5/3/2011,1070.43
5/4/2011,1073.87
5/6/2011,1050.85
5/9/2011,1072.47
5/10/2011,1085.56
5/11/2011,1100.48
5/12/2011,1086.27
5/13/2011,1084.96
5/18/2011,1075.91
5/19/2011,1077.5
5/20/2011,1072.94
5/23/2011,1053.97
5/24/2011,1064.24
5/25/2011,1055.54
5/26/2011,1065.45
5/27/2011,1067
5/30/2011,1076.5
5/31/2011,1073.83
6/1/2011,1065.63
6/2/2011,1059.81
6/3/2011,1057.86
6/6/2011,1046.16
6/7/2011,1034.75
6/8/2011,1014.58
6/9/2011,1016.85
6/10/2011,1020.37
6/13/2011,1015.53
6/14/2011,1034.92
6/15/2011,1030.31
6/16/2011,1019.55
6/17/2011,1018.96
6/20/2011,1013.09
6/21/2011,1027.72
6/22/2011,1023.86
6/23/2011,1014.13
6/24/2011,1022.94
6/27/2011,1010.32
6/28/2011,1013.5
6/29/2011,1033.26
6/30/2011,1041.48
7/4/2011,1090.28
7/5/2011,1084.59
7/6/2011,1072.68
7/7/2011,1083.08
7/8/2011,1088.46
7/11/2011,1077.24
7/12/2011,1062.39
7/13/2011,1077.4
7/14/2011,1079.91
7/18/2011,1083.94
7/19/2011,1096.77
7/20/2011,1101.37
7/21/2011,1104.15
7/22/2011,1121.04
7/25/2011,1127.58
7/26/2011,1121.63
7/27/2011,1130.71
7/28/2011,1134.38
7/29/2011,1133.53
8/1/2011,1144.14
8/2/2011,1139.61
8/3/2011,1133.46
8/4/2011,1124.01
8/5/2011,1093.38
8/8/2011,1078.19
8/9/2011,1042.54
8/10/2011,1060.21
8/11/2011,1062.07
8/15/2011,1086.32
8/16/2011,1077.02
8/17/2011,1093.51
8/18/2011,1089.09
8/19/2011,1069.2
8/22/2011,1067.84
8/23/2011,1057.28
8/24/2011,1046.43
8/25/2011,1025
8/26/2011,1037.22
8/29/2011,1055.63
8/30/2011,1044.97
8/31/2011,1070.05
9/1/2011,1069.13
9/2/2011,1065.18
9/5/2011,1049.23
9/6/2011,1055.6
9/7/2011,1068.72
9/8/2011,1072.21
9/9/2011,1062.37
9/12/2011,1040.83
9/13/2011,1031.67
9/14/2011,1022.96
9/15/2011,1036.21
9/16/2011,1033.34
9/19/2011,1017.19
9/20/2011,1026.28
9/21/2011,1029.59
9/22/2011,990.59
9/23/2011,958.16
9/26/2011,904.06
9/27/2011,946.62
9/28/2011,931.6
9/29/2011,926.21
9/30/2011,916.21
10/3/2011,869.31
10/4/2011,855.45
10/5/2011,862.65
10/6/2011,913.72
10/7/2011,909.17
10/10/2011,923.17
10/11/2011,944.8
10/12/2011,952.77
10/13/2011,936.82
10/14/2011,955.81
10/17/2011,971.63
10/18/2011,952.75
10/19/2011,938.19
10/20/2011,909.1
10/21/2011,916.34
10/25/2011,942.55
10/26/2011,938.68
10/27/2011,960.17
10/28/2011,973.18
10/31/2011,974.75
11/1/2011,956.59
11/2/2011,965.8
11/3/2011,957.56
11/4/2011,957.31
11/7/2011,956.02
11/8/2011,983.44
11/9/2011,967.84
11/10/2011,968.3
11/11/2011,970.97
11/14/2011,984.28
11/15/2011,984.97
11/16/2011,997.11
11/17/2011,993.38
11/18/2011,984.16
11/21/2011,965.07
11/22/2011,977.36
11/23/2011,976.87
11/24/2011,980.5
11/25/2011,967.18
11/28/2011,984.18
11/29/2011,988.06
11/30/2011,995.33
12/1/2011,1019.15
12/2/2011,1029.37
12/6/2011,1030.77
12/7/2011,1046.73
12/8/2011,1043.24
12/9/2011,1034
12/13/2011,1030.61
12/14/2011,1023.48
12/15/2011,1024.16
12/16/2011,1034.06
12/19/2011,1033.55
12/20/2011,1033.29
12/21/2011,1043.75
12/22/2011,1042.52
12/23/2011,1037.37
12/26/2011,1032.51
12/27/2011,1028.38
12/28/2011,1028.19
12/29/2011,1023.91
12/30/2011,1025.32
1/4/2012,1036.21
1/5/2012,1036.8
1/6/2012,1036.26
1/9/2012,1044.84
1/10/2012,1053.04
1/11/2012,1051.63
1/12/2012,1052.23
1/13/2012,1044.81
1/16/2012,1037.01
1/17/2012,1056.54
1/18/2012,1051.64
1/19/2012,1058.94
1/20/2012,1058.66
1/23/2012,1062.55
1/24/2012,1063.08
1/25/2012,1056.01
1/26/2012,1068.54
1/27/2012,1076.29
1/30/2012,1074.71
1/31/2012,1083.97
2/1/2012,1086.36
2/2/2012,1091.67
2/3/2012,1098.95
2/6/2012,1094.01
2/7/2012,1101.12
2/8/2012,1116.08
2/9/2012,1117.17
2/10/2012,1112.91
2/13/2012,1117.4
2/14/2012,1106.41
2/15/2012,1126.48
2/16/2012,1120.25
2/17/2012,1129.93
2/20/2012,1135.92
2/21/2012,1140.39
2/22/2012,1137.82
2/23/2012,1140.07
2/24/2012,1146.14
2/27/2012,1135.04
2/28/2012,1146.26
2/29/2012,1160.9
3/1/2012,1164.98
3/2/2012,1165.15
3/5/2012,1157.95
3/6/2012,1153.16
3/8/2012,1168.31
3/9/2012,1158.71
3/12/2012,1150.18
3/13/2012,1153.56
3/14/2012,1164.36
3/15/2012,1171.34
3/16/2012,1189.56
3/19/2012,1189.5
3/20/2012,1196.6
3/21/2012,1207.67
3/22/2012,1191
3/23/2012,1194.44
3/26/2012,1188.32
3/27/2012,1207.29
3/28/2012,1204.01
3/29/2012,1203.91
3/30/2012,1196.77
4/2/2012,1199.09
4/3/2012,1211.07
4/4/2012,1198.09
4/5/2012,1182.41
4/10/2012,1165.61
4/11/2012,1154.49
4/12/2012,1169.45
4/17/2012,1160.23
4/18/2012,1168.05
4/19/2012,1185.34
4/20/2012,1194.6
4/23/2012,1189.35
4/24/2012,1199.86
4/25/2012,1201.36
4/26/2012,1209.27
4/27/2012,1211.78
4/30/2012,1228.49
5/2/2012,1239.06
5/3/2012,1240.03
5/4/2012,1227.41
5/8/2012,1231.04
5/9/2012,1207.25
5/10/2012,1190.65
5/11/2012,1191.01
5/14/2012,1165.51
5/15/2012,1184.55
5/16/2012,1171.23
5/17/2012,1173.56
5/18/2012,1154.44
5/21/2012,1135.16
5/22/2012,1131.52
5/23/2012,1110.7
5/24/2012,1125.78
5/25/2012,1132.83
5/28/2012,1139.93
5/29/2012,1153.66
5/30/2012,1138.63
5/31/2012,1141.5
6/1/2012,1115.19
6/5/2012,1099.15
6/6/2012,1117.95
6/7/2012,1118.53
6/8/2012,1127.1
6/11/2012,1158.07
6/12/2012,1162.93
6/13/2012,1158.22
6/14/2012,1153.01
6/15/2012,1165.73
6/18/2012,1163.41
6/19/2012,1173.09
6/20/2012,1173.24
6/21/2012,1159.05
6/22/2012,1152.91
6/25/2012,1147.43
6/26/2012,1151.09
6/27/2012,1165.98
6/28/2012,1171.32
6/29/2012,1172.11
7/2/2012,1188.74
7/3/2012,1198.07
7/4/2012,1194.15
7/5/2012,1201.8
7/6/2012,1200.08
7/9/2012,1186.95
7/10/2012,1204.42
7/11/2012,1208.67
7/12/2012,1193.13
7/13/2012,1210.29
7/16/2012,1214.25
7/17/2012,1224.21
7/18/2012,1220.14
7/19/2012,1212.96
7/20/2012,1208.55
7/23/2012,1185.11
7/24/2012,1187.64
7/25/2012,1188.62
7/26/2012,1172.92
7/27/2012,1178.01
7/30/2012,1193.32
7/31/2012,1199.3
8/1/2012,1201.13
8/3/2012,1197.53
8/6/2012,1208.01
8/7/2012,1208.19
8/8/2012,1214.13
8/9/2012,1217.7
8/10/2012,1219.37
8/14/2012,1226.82
8/15/2012,1226.83
8/16/2012,1224.4
8/17/2012,1223.91
8/20/2012,1229
8/21/2012,1232.29
8/22/2012,1234.14
8/23/2012,1237.64
8/24/2012,1237.19
8/27/2012,1233.73
8/28/2012,1233.16
8/29/2012,1220.16
8/30/2012,1214.55
8/31/2012,1227.48
9/3/2012,1235.48
9/4/2012,1236.31
9/5/2012,1233.84
9/6/2012,1243.92
9/7/2012,1246.1
9/10/2012,1250.93
9/11/2012,1248.32
9/12/2012,1259.96
9/13/2012,1257.69
9/14/2012,1276.12
9/17/2012,1278.54
9/18/2012,1272.86
9/19/2012,1285.46
9/20/2012,1282.68
9/21/2012,1286.26
9/24/2012,1284.3
9/25/2012,1287.41
9/26/2012,1274.5
9/27/2012,1286.11
9/28/2012,1298.79
10/1/2012,1299.71
10/2/2012,1305.66
10/3/2012,1307.55
10/4/2012,1306.63
10/5/2012,1311.35
10/8/2012,1304.71
10/9/2012,1292.48
10/10/2012,1289.35
10/11/2012,1294.9
10/12/2012,1296.98
10/15/2012,1290.56
10/16/2012,1287.49
10/17/2012,1301.28
10/18/2012,1311.21
10/19/2012,1307.71
10/22/2012,1310.42
10/24/2012,1295
10/25/2012,1297.39
10/26/2012,1281.81
10/29/2012,1279.57
10/30/2012,1294.43
10/31/2012,1298.87
11/1/2012,1297.99
11/2/2012,1306.6
11/5/2012,1306.7
11/6/2012,1300.84
11/7/2012,1299.74
11/8/2012,1293.7
11/9/2012,1290.83
11/12/2012,1294.5
11/13/2012,1289.07
11/14/2012,1279.29
11/15/2012,1274.02
11/16/2012,1280.13
11/19/2012,1283.65
11/20/2012,1276.41
11/21/2012,1276.39
11/22/2012,1279.51
11/23/2012,1281.7
11/26/2012,1290.85
11/27/2012,1297.03
11/28/2012,1299.94
11/29/2012,1309.57
11/30/2012,1324.04
12/3/2012,1332.92
12/4/2012,1330.06
12/6/2012,1339.88
12/7/2012,1334.95
12/11/2012,1341.33
12/12/2012,1354.57
12/13/2012,1353.81
12/14/2012,1358.5
12/17/2012,1359.09
12/18/2012,1362.94
12/19/2012,1378.4
12/20/2012,1377.4
12/21/2012,1373.38
12/24/2012,1375.82
12/25/2012,1378.32
12/26/2012,1382.23
12/27/2012,1397.19
12/28/2012,1391.93
1/2/2013,1407.45
1/3/2013,1408.41
1/4/2013,1416.66
1/7/2013,1415.32
1/8/2013,1417.33
1/9/2013,1423.46
1/10/2013,1405.99
1/11/2013,1412.06
1/14/2013,1425.07
1/15/2013,1422.86
1/16/2013,1416.14
1/17/2013,1420.95
1/18/2013,1434.44
1/21/2013,1440.48
1/22/2013,1434.09
1/23/2013,1439.2
1/24/2013,1449.09
1/25/2013,1461.41
1/28/2013,1472.05
1/29/2013,1478.77
1/30/2013,1490.82
1/31/2013,1474.2
2/1/2013,1499.22
2/4/2013,1506.37
2/5/2013,1505.72
2/6/2013,1500.35
2/7/2013,1499.81
2/8/2013,1497.3
2/11/2013,1489.11
2/12/2013,1488.95
2/13/2013,1514.11
2/14/2013,1526.74
2/15/2013,1521.52
2/18/2013,1523.29
2/19/2013,1532.07
2/20/2013,1546.64
2/21/2013,1528.74
2/22/2013,1540.13
2/26/2013,1530.32
2/27/2013,1518.05
2/28/2013,1541.58
3/1/2013,1539.6
3/4/2013,1540.72
3/5/2013,1549.31
3/6/2013,1559.35
3/7/2013,1560.98
3/8/2013,1566.92
3/11/2013,1577.65
3/12/2013,1576.68
3/13/2013,1578.7
3/14/2013,1586.79
3/15/2013,1598.13
3/18/2013,1591.65
3/19/2013,1568.25
3/20/2013,1543.67
3/21/2013,1529.52
3/22/2013,1478.97
3/25/2013,1523.95
3/26/2013,1544.03
3/27/2013,1560.87
3/28/2013,1544.57
3/29/2013,1561.06
4/1/2013,1549.55
4/2/2013,1550.54
4/3/2013,1520.52
4/4/2013,1528.46
4/5/2013,1489.53
4/9/2013,1470.72
4/10/2013,1490.25
4/11/2013,1516.81
4/12/2013,1527.32
4/17/2013,1521.53
4/18/2013,1529.76
4/19/2013,1545.46
4/22/2013,1559.1
4/23/2013,1549.35
4/24/2013,1553.85
4/25/2013,1574.25
4/26/2013,1582.93
4/29/2013,1584.93
4/30/2013,1597.86
5/2/2013,1589.19
5/3/2013,1578.95
5/7/2013,1601.15
5/8/2013,1614.15
5/9/2013,1621.12
5/10/2013,1622.48
5/13/2013,1617.73
5/14/2013,1623.48
5/15/2013,1630.09
5/16/2013,1617.89
5/17/2013,1627.96
5/20/2013,1643.4
5/21/2013,1643.43
5/22/2013,1631.27
5/23/2013,1607.46
5/27/2013,1593.1
5/28/2013,1619.57
5/29/2013,1601.61
5/30/2013,1581.32
5/31/2013,1562.07
6/3/2013,1539.26
6/4/2013,1555.61
6/5/2013,1522.66
6/6/2013,1490.21
6/7/2013,1516.24
6/10/2013,1528.55
6/11/2013,1452.63
6/12/2013,1433.47
6/13/2013,1403.27
6/14/2013,1465.27
6/17/2013,1471.04
6/18/2013,1427.42
6/19/2013,1437.7
6/20/2013,1402.19
6/21/2013,1400.5
6/24/2013,1364.09
6/25/2013,1384.63
6/26/2013,1424.38
6/27/2013,1446.45
6/28/2013,1451.9
7/2/2013,1463.98
7/3/2013,1443.57
7/4/2013,1430.88
7/5/2013,1441.33
7/8/2013,1404.64
7/9/2013,1398.69
7/10/2013,1388.41
7/11/2013,1447.04
7/12/2013,1453.71
7/15/2013,1455.4
7/16/2013,1451.45
7/17/2013,1458.08
7/18/2013,1487.19
7/19/2013,1481.84
7/23/2013,1513.31
7/24/2013,1501.36
7/25/2013,1456.68
7/26/2013,1476.71
7/29/2013,1454.28
7/30/2013,1435.44
7/31/2013,1423.14
8/1/2013,1437.51
8/2/2013,1420.94
8/5/2013,1424.31
8/6/2013,1429.39
8/7/2013,1429.99
8/8/2013,1447.16
8/9/2013,1432.25
8/13/2013,1459.08
8/14/2013,1460.63
8/15/2013,1453.07
8/16/2013,1445.76
8/19/2013,1398.48
8/20/2013,1370.86
8/21/2013,1355.14
8/22/2013,1351.81
8/23/2013,1338.13
8/26/2013,1329.18
8/27/2013,1293.97
8/28/2013,1275.76
8/29/2013,1292.53
8/30/2013,1294.3
9/2/2013,1323.7
9/3/2013,1315.41
9/4/2013,1303.21
9/5/2013,1313.49
9/6/2013,1336.25
9/9/2013,1384.31
9/10/2013,1393.17
9/11/2013,1411.18
9/12/2013,1397.9
9/13/2013,1401.08
9/16/2013,1445.11
9/17/2013,1443.78
9/18/2013,1439.13
9/19/2013,1489.06
9/20/2013,1486.76
9/23/2013,1436.68
9/24/2013,1417.77
9/25/2013,1436.9
9/26/2013,1424.76
9/27/2013,1417.49
9/30/2013,1383.16
10/1/2013,1408.19
10/2/2013,1408.99
10/3/2013,1429.18
10/4/2013,1427.72
10/7/2013,1414.62
10/8/2013,1434.06
10/9/2013,1434.66
10/10/2013,1451.91
10/11/2013,1457.78
10/14/2013,1459.84
10/15/2013,1472.9
10/16/2013,1464.38
10/17/2013,1469.09
10/18/2013,1484.72
10/21/2013,1448.54
10/22/2013,1457.36
10/24/2013,1466.32
10/25/2013,1454.88
10/28/2013,1449.62
10/29/2013,1455.86
10/30/2013,1431.12
10/31/2013,1442.88
11/1/2013,1429.08
11/4/2013,1388.4
11/5/2013,1415.44
11/6/2013,1434.97
11/7/2013,1425.23
11/8/2013,1405.03
11/11/2013,1405.91
11/12/2013,1413.08
11/13/2013,1404.77
11/14/2013,1415.69
11/15/2013,1420.66
11/18/2013,1423.96
11/19/2013,1412.44
11/20/2013,1404.81
11/21/2013,1375.86
11/22/2013,1359.07
11/25/2013,1352.86
11/26/2013,1358.69
11/27/2013,1373.11
11/28/2013,1359.45
11/29/2013,1371.13
12/2/2013,1374.26
12/3/2013,1383.89
12/4/2013,1376.63
12/6/2013,1361.57
12/9/2013,1367.42
12/11/2013,1369.35
12/12/2013,1356.21
12/13/2013,1341.13
12/16/2013,1328.4
12/17/2013,1337.18
12/18/2013,1349.86
12/19/2013,1346.63
12/20/2013,1342.72
12/23/2013,1326.14
12/24/2013,1327.13
12/25/2013,1332.45
12/26/2013,1308.46
12/27/2013,1298.71
1/2/2014,1230.77
1/3/2014,1224.62
1/6/2014,1230.84
1/7/2014,1262.36
1/8/2014,1257.73
1/9/2014,1258.26
1/10/2014,1255.45
1/13/2014,1283.56
1/14/2014,1295.87
1/15/2014,1277.03
1/16/2014,1301.48
1/17/2014,1295.41
1/20/2014,1289.99
1/21/2014,1293.1
1/22/2014,1290.49
1/23/2014,1308.34
1/24/2014,1314.63
1/27/2014,1288.59
1/28/2014,1271.79
1/29/2014,1271.42
1/30/2014,1264.07
1/31/2014,1274.28
2/3/2014,1292.81
2/4/2014,1276.84
2/5/2014,1280.25
2/6/2014,1295.24
2/7/2014,1296.49
2/10/2014,1290.66
2/11/2014,1296.25
2/12/2014,1314.06
2/13/2014,1311.87
2/17/2014,1332.37
2/18/2014,1326.21
2/19/2014,1321
2/20/2014,1303.98
2/21/2014,1304.21
2/24/2014,1301.38
2/25/2014,1303.88
2/26/2014,1304.62
2/27/2014,1318.05
2/28/2014,1325.33
3/3/2014,1339.21
3/4/2014,1345.82
3/5/2014,1351.64
3/6/2014,1352.21
3/7/2014,1355.08
3/10/2014,1349.05
3/11/2014,1364.28
3/12/2014,1356.42
3/13/2014,1370.5
3/14/2014,1372.18
3/17/2014,1377.1
3/18/2014,1373.08
3/19/2014,1364.27
3/20/2014,1361.47
3/21/2014,1360.5
3/24/2014,1349.9
3/25/2014,1354.01
3/26/2014,1360.44
3/27/2014,1355.95
3/28/2014,1368.9
3/31/2014,1376.26
4/1/2014,1387.48
4/2/2014,1396.62
4/3/2014,1391.22
4/4/2014,1392.01
4/8/2014,1379.34
4/9/2014,1382.02
4/10/2014,1389.56
4/11/2014,1389.16
4/16/2014,1401.84
4/17/2014,1408.78
4/18/2014,1409.18
4/21/2014,1413.07
4/22/2014,1415.05
4/23/2014,1423.39
4/24/2014,1422.67
4/25/2014,1408.16
4/28/2014,1411.23
4/29/2014,1412.33
4/30/2014,1414.94
5/2/2014,1421.48
5/6/2014,1404.01
5/7/2014,1402.61
5/8/2014,1379.02
5/9/2014,1377.37
5/12/2014,1375.14
5/14/2014,1396.03
5/15/2014,1395.21
5/16/2014,1405.26
5/19/2014,1410.63
5/20/2014,1394.69
5/21/2014,1402.92
5/22/2014,1405.21
5/23/2014,1396.84
5/26/2014,1388.29
5/27/2014,1392.73
5/28/2014,1402.79
5/29/2014,1408.51
5/30/2014,1415.73
6/2/2014,1440.94
6/3/2014,1454.24
6/4/2014,1449.4
6/5/2014,1453.16
6/6/2014,1458.02
6/9/2014,1457.3
6/10/2014,1469.19
6/11/2014,1463.71
6/12/2014,1457.02
6/13/2014,1456.02
6/16/2014,1471.85
6/17/2014,1471.02
6/18/2014,1451.36
6/19/2014,1461.91
6/20/2014,1467.29
6/23/2014,1468.7
6/24/2014,1460.92
6/25/2014,1468.49
6/26/2014,1477.48
6/27/2014,1483.24
6/30/2014,1485.75
7/2/2014,1491.81
7/3/2014,1493.21
7/4/2014,1495.83
7/7/2014,1503.21
7/8/2014,1507.58
7/9/2014,1507.92
7/10/2014,1518.01
7/14/2014,1529.23
7/15/2014,1524.53
7/16/2014,1530.42
7/17/2014,1535.66
7/18/2014,1533.41
7/21/2014,1538.55
7/22/2014,1520.81
7/23/2014,1541.56
7/24/2014,1543.92
7/25/2014,1543.85
7/28/2014,1538.13
7/29/2014,1520.55
7/30/2014,1518.79
7/31/2014,1502.39
8/1/2014,1500.2
8/4/2014,1519.38
8/5/2014,1528.98
8/6/2014,1522.41
8/7/2014,1522.27
8/8/2014,1520.31
8/13/2014,1544.55
8/14/2014,1541.97
8/15/2014,1546.62
8/18/2014,1542.36
8/19/2014,1542.85
8/20/2014,1550.77
8/21/2014,1551.41
8/22/2014,1556.97
8/25/2014,1563.13
8/26/2014,1560.17
8/27/2014,1564.58
8/28/2014,1559.05
8/29/2014,1561.63
9/1/2014,1565.35
9/2/2014,1568.6
9/3/2014,1583.27
9/4/2014,1579.73
9/5/2014,1584.32
9/8/2014,1584.77
9/9/2014,1583.18
9/10/2014,1582.13
9/11/2014,1580.87
9/12/2014,1581.36
9/15/2014,1579.12
9/16/2014,1565.41
9/17/2014,1570.64
9/18/2014,1584.23
9/19/2014,1584.91
9/22/2014,1589.51
9/23/2014,1590.13
9/24/2014,1591.89
9/25/2014,1591.99
9/26/2014,1600.16
9/29/2014,1585.79
9/30/2014,1585.67
10/1/2014,1587.35
10/2/2014,1569.73
10/3/2014,1570.28
10/6/2014,1543.13
10/7/2014,1539.39
10/8/2014,1543.39
10/9/2014,1560.61
10/10/2014,1552.72
10/13/2014,1542.35
10/14/2014,1546.78
10/15/2014,1547.41
10/16/2014,1526.15
10/17/2014,1528.71
10/20/2014,1526.67
10/21/2014,1526.14
10/22/2014,1532.72
10/24/2014,1539.91
10/27/2014,1547.89
10/28/2014,1556.53
10/29/2014,1562.67
10/30/2014,1565.35
10/31/2014,1584.16
11/3/2014,1579.18
11/4/2014,1585.15
11/5/2014,1577.4
11/6/2014,1580.77
11/7/2014,1578.37
11/10/2014,1567.34
11/11/2014,1571.2
11/12/2014,1562.03
11/13/2014,1577.21
11/14/2014,1575.88
11/17/2014,1569.07
11/18/2014,1581.27
11/19/2014,1577.55
11/20/2014,1568.68
11/21/2014,1579.2
11/24/2014,1590.14
11/25/2014,1596.8
11/26/2014,1591
11/27/2014,1599.82
11/28/2014,1593.91
12/1/2014,1593.82
12/2/2014,1594
12/3/2014,1594.58
12/4/2014,1597.76
12/8/2014,1575.55
12/9/2014,1559.56
12/11/2014,1526.81
12/12/2014,1514.95
12/15/2014,1478.49
12/16/2014,1461.74
12/17/2014,1480.2
12/18/2014,1516.79
12/19/2014,1514.35
12/22/2014,1536.83
12/23/2014,1531.17
12/24/2014,1525.06
12/25/2014,1504.89
12/26/2014,1510.41
12/29/2014,1498.22
12/30/2014,1497.67
1/5/2015,1483.25
1/6/2015,1477.58
1/7/2015,1500.75
1/8/2015,1521.62
1/9/2015,1529.42
1/12/2015,1531.21
1/13/2015,1534.97
1/14/2015,1523.24
1/15/2015,1523.38
1/16/2015,1517.74
1/19/2015,1535.37
1/20/2015,1535.09
1/21/2015,1537.36
1/22/2015,1560.34
1/23/2015,1598.33
1/26/2015,1588.31
1/27/2015,1589.81
1/28/2015,1592.81
1/29/2015,1586.4
1/30/2015,1581.25
2/2/2015,1582.7
2/3/2015,1602.54
2/4/2015,1599.81
2/5/2015,1607.92
2/6/2015,1613.63
2/9/2015,1601.77
2/10/2015,1594.96
2/11/2015,1605.11
2/12/2015,1613.4
2/13/2015,1615.89
2/16/2015,1608.04
2/17/2015,1587.75
2/18/2015,1603.14
2/19/2015,1599.96
2/20/2015,1603.45
2/23/2015,1593.89
2/24/2015,1598.66
2/25/2015,1589.33
2/26/2015,1593.55
2/27/2015,1587.01
3/2/2015,1582.14
3/3/2015,1562.84
3/5/2015,1553.33
3/6/2015,1568.29
3/9/2015,1559.71
3/10/2015,1531.04
3/11/2015,1543.84
3/12/2015,1544.34
3/13/2015,1541.55
3/16/2015,1515.57
3/17/2015,1512.84
3/18/2015,1531.5
3/19/2015,1532.13
3/20/2015,1529.96
3/23/2015,1520.01
3/24/2015,1514.45
3/25/2015,1512.8
3/26/2015,1496.41
3/27/2015,1495.22
3/30/2015,1496.51
3/31/2015,1505.94
4/1/2015,1525.58
4/2/2015,1532.23
4/3/2015,1536.05
4/7/2015,1549.53
4/8/2015,1544.86
4/9/2015,1545.11
4/10/2015,1547.83
4/16/2015,1570
4/17/2015,1566.85
4/20/2015,1560.32
4/21/2015,1569.35
4/22/2015,1552.01
4/23/2015,1544.84
4/24/2015,1555.46
4/27/2015,1548.83
4/28/2015,1531.53
4/29/2015,1522.47
4/30/2015,1526.74
5/6/2015,1519.88
5/7/2015,1498.31
5/8/2015,1510.51
5/11/2015,1501.3
5/12/2015,1485.72
5/13/2015,1495.95
5/14/2015,1497.4
5/15/2015,1512.19
5/18/2015,1510.41
5/19/2015,1525.96
5/20/2015,1520.11
5/21/2015,1526.25
5/22/2015,1523.86
5/25/2015,1508.16
5/26/2015,1497.98
5/27/2015,1500.84
5/28/2015,1493.61
5/29/2015,1496.05
6/2/2015,1476.87
6/3/2015,1482.07
6/4/2015,1490.9
6/5/2015,1507.37
6/8/2015,1508.28
6/9/2015,1492.32
6/10/2015,1504.04
6/11/2015,1514.81
6/12/2015,1508.23
6/15/2015,1501.89
6/16/2015,1503.28
6/17/2015,1514.79
6/18/2015,1508.04
6/19/2015,1491.46
6/22/2015,1504.06
6/23/2015,1503.23
6/24/2015,1518.26
6/25/2015,1519.47
6/26/2015,1518.03
6/29/2015,1511.19
6/30/2015,1504.55
7/2/2015,1491.62
7/3/2015,1489.59
7/6/2015,1473.23
7/7/2015,1483.77
7/8/2015,1470.25
7/9/2015,1472.57
7/10/2015,1484.9
7/13/2015,1490.65
7/14/2015,1488.4
7/15/2015,1486.74
7/16/2015,1481.26
7/17/2015,1479.31
7/20/2015,1466.71
7/21/2015,1447.44
7/22/2015,1447.84
7/23/2015,1444.66
7/24/2015,1438.08
7/27/2015,1412.55
7/28/2015,1408.07
7/29/2015,1417.49
7/31/2015,1440.12
8/3/2015,1442.04
8/4/2015,1432.16
8/5/2015,1436.36
8/6/2015,1430.58
8/7/2015,1428.79
8/10/2015,1420.13
8/11/2015,1408.32
8/13/2015,1404.15
8/14/2015,1413.92
8/17/2015,1408.74
8/18/2015,1372.61
8/19/2015,1379.12
8/20/2015,1372.53
8/21/2015,1365.61
8/24/2015,1301.06
8/25/2015,1323.88
8/26/2015,1320.08
8/27/2015,1358.03
8/28/2015,1365.94
8/31/2015,1382.41
9/1/2015,1362.39
9/2/2015,1372.45
9/3/2015,1383.48
9/4/2015,1370.75
9/7/2015,1371.4
9/8/2015,1379.32
9/9/2015,1396.29
9/10/2015,1396.16
9/11/2015,1381.72
9/14/2015,1377.15
9/15/2015,1370.65
9/16/2015,1381.8
9/17/2015,1389.7
9/18/2015,1390.32
9/21/2015,1392.73
9/22/2015,1379.32
9/23/2015,1375.17
9/24/2015,1372.35
9/25/2015,1376.83
9/28/2015,1352.13
9/29/2015,1348.84
9/30/2015,1349
10/1/2015,1345.15
10/2/2015,1346.35
10/5/2015,1363.17
10/6/2015,1370.69
10/7/2015,1393.66
10/8/2015,1392.15
10/9/2015,1411.33
10/12/2015,1412.49
10/13/2015,1406.69
10/14/2015,1405.08
10/15/2015,1425.32
10/16/2015,1418.38
10/19/2015,1416.91
10/20/2015,1418.63
10/21/2015,1415.8
10/22/2015,1416.14
10/26/2015,1424.16
10/27/2015,1424.05
10/28/2015,1409.26
10/29/2015,1390.04
10/30/2015,1394.94
11/2/2015,1413.34
11/3/2015,1412.62
11/4/2015,1423.42
11/5/2015,1413.16
11/6/2015,1414.54
11/9/2015,1402.57
11/10/2015,1398.38
11/11/2015,1390.15
11/12/2015,1384.29
11/13/2015,1382.46
11/16/2015,1388.62
11/17/2015,1390.17
11/18/2015,1376.82
11/19/2015,1384.97
11/20/2015,1393.84
11/23/2015,1394.22
11/24/2015,1384.92
11/25/2015,1381.46
11/26/2015,1365.81
11/27/2015,1363.13
11/30/2015,1359.7
12/1/2015,1357.01
12/2/2015,1339.45
12/3/2015,1340.62
12/4/2015,1333.57
12/8/2015,1306.98
12/9/2015,1297.82
12/11/2015,1280.92
12/14/2015,1267.61
12/15/2015,1300.51
12/16/2015,1299.12
12/17/2015,1310.34
12/18/2015,1284.92
12/21/2015,1264.44
12/22/2015,1261.66
12/23/2015,1274.5
12/24/2015,1284.15
12/25/2015,1282.93
12/28/2015,1285.87
12/29/2015,1283.78
12/30/2015,1288.02
1/4/2016,1263.41
1/5/2016,1253.34
1/6/2016,1260.04
1/7/2016,1224.83
1/8/2016,1244.18
1/11/2016,1234.5
1/12/2016,1255.3
1/13/2016,1278.61
1/14/2016,1263.29
1/15/2016,1245.85
1/18/2016,1245.05
1/19/2016,1266.01
1/20/2016,1248.98
1/21/2016,1245.61
1/22/2016,1268.03
1/25/2016,1267.7
1/26/2016,1268.07
1/27/2016,1278.29
1/28/2016,1288.4
1/29/2016,1300.98
2/1/2016,1297.34
2/2/2016,1285.3
2/3/2016,1291.77
2/4/2016,1297.11
2/5/2016,1306.29
2/8/2016,1307.57
2/9/2016,1303.96
2/10/2016,1304.74
2/11/2016,1280.74
2/12/2016,1276.49
2/15/2016,1288.4
2/16/2016,1289.36
2/17/2016,1288.47
2/18/2016,1294.59
2/19/2016,1320.19
2/23/2016,1325.79
2/24/2016,1331.93
2/25/2016,1333.42
2/26/2016,1343.07
2/29/2016,1332.37
3/1/2016,1346.95
3/2/2016,1365.31
3/3/2016,1379.33
3/4/2016,1379.53
3/7/2016,1395.75
3/8/2016,1374.62
3/9/2016,1390.66
3/10/2016,1379.06
3/11/2016,1393.41
3/14/2016,1394.27
3/15/2016,1382.93
3/16/2016,1377.8
3/17/2016,1380.2
3/18/2016,1382.96
3/21/2016,1393.63
3/22/2016,1397.2
3/23/2016,1412.16
3/24/2016,1405.41
3/25/2016,1394.78
3/28/2016,1389.01
3/29/2016,1392.85
3/30/2016,1410.29
3/31/2016,1407.7
4/1/2016,1400.72
4/4/2016,1400.27
4/5/2016,1373.59
4/7/2016,1356.69
4/8/2016,1369.64
4/11/2016,1369.84
4/12/2016,1385.42
4/18/2016,1398.77
4/19/2016,1416
4/20/2016,1414.96
4/21/2016,1423.9
4/22/2016,1410.81
4/25/2016,1408.71
4/26/2016,1418.78
4/27/2016,1411.84
4/28/2016,1399.91
4/29/2016,1404.61
5/3/2016,1397.87
5/4/2016,1390.7
5/9/2016,1394.14
5/10/2016,1390.13
5/11/2016,1382.41
5/12/2016,1399.31
5/13/2016,1394.69
5/16/2016,1397.63
5/17/2016,1406.57
5/18/2016,1400.5
5/19/2016,1385.86
5/23/2016,1381.69
5/24/2016,1384.26
5/25/2016,1397.63
5/26/2016,1401.64
5/27/2016,1412.67
5/30/2016,1424.12
5/31/2016,1424.28
6/1/2016,1415.76
6/2/2016,1424.06
6/3/2016,1436.43
6/6/2016,1443.42
6/7/2016,1442.42
6/8/2016,1445.54
6/9/2016,1435.65
6/10/2016,1429.21
6/13/2016,1421.86
6/14/2016,1428.1
6/15/2016,1434.89
6/16/2016,1411.19
6/17/2016,1421.32
6/20/2016,1421.99
6/21/2016,1430.8
6/22/2016,1424.68
6/23/2016,1436.4
6/24/2016,1413.19
6/27/2016,1424.31
6/28/2016,1437.42
6/29/2016,1442.66
6/30/2016,1444.99
7/4/2016,1454.56
7/5/2016,1450.07
7/6/2016,1452.59
7/7/2016,1456.72
7/8/2016,1455.65
7/11/2016,1468.39
7/12/2016,1474.92
7/13/2016,1477.61
7/14/2016,1488.69
7/15/2016,1492
7/20/2016,1510.03
7/21/2016,1502.7
7/22/2016,1509.13
7/25/2016,1512.66
7/26/2016,1504.81
7/27/2016,1515.4
7/28/2016,1524.58
7/29/2016,1524.07
8/1/2016,1512.62
8/2/2016,1497.51
8/3/2016,1507.47
8/4/2016,1507.93
8/5/2016,1518.69
8/8/2016,1542.26
8/9/2016,1548.21
8/10/2016,1548.13
8/11/2016,1552.64
8/15/2016,1549.11
8/16/2016,1537.52
8/17/2016,1531.63
8/18/2016,1547.01
8/19/2016,1538.76
8/22/2016,1539.24
8/23/2016,1540.06
8/24/2016,1547.55
8/25/2016,1544.1
8/26/2016,1549.41
8/29/2016,1544.15
8/30/2016,1546.13
8/31/2016,1548.44
9/1/2016,1539.71
9/2/2016,1521.48
9/5/2016,1492.52
9/6/2016,1496.9
9/7/2016,1487.2
9/8/2016,1455.38
9/9/2016,1445.28
9/12/2016,1411.85
9/13/2016,1446.84
9/14/2016,1458.19
9/15/2016,1463.39
9/16/2016,1479.07
9/19/2016,1492.73
9/20/2016,1473.78
9/21/2016,1487.17
9/22/2016,1505.99
9/23/2016,1492.88
9/26/2016,1490.14
9/27/2016,1489.39
9/28/2016,1479.58
9/29/2016,1491.43
9/30/2016,1483.21
10/3/2016,1490.94
10/4/2016,1509.78
10/5/2016,1509.92
10/6/2016,1513.86
10/7/2016,1504.34
10/10/2016,1457.02
10/11/2016,1442.21
10/12/2016,1406.18
10/13/2016,1412.82
10/14/2016,1477.61
10/17/2016,1477.34
10/18/2016,1477.54
10/19/2016,1486.28
10/20/2016,1492.73
10/21/2016,1500.37
10/25/2016,1506.47
10/26/2016,1492.12
10/27/2016,1498.36
10/28/2016,1494.44
10/31/2016,1495.72
11/1/2016,1504.52
11/2/2016,1498.65
11/3/2016,1493.08
11/4/2016,1485.7
11/7/2016,1502.27
11/8/2016,1509.84
11/9/2016,1509.43
11/10/2016,1514.26
11/11/2016,1494.53
11/14/2016,1469.23
11/15/2016,1476.46
11/16/2016,1474.64
11/17/2016,1473.85
11/18/2016,1473.86
11/21/2016,1478.3
11/22/2016,1485.68
11/23/2016,1496.36
11/24/2016,1490.11
11/25/2016,1500.4
11/28/2016,1500.78
11/29/2016,1497.18
11/30/2016,1510.24
12/1/2016,1512.38
12/2/2016,1501.66
12/6/2016,1516.48
12/7/2016,1520.53
12/8/2016,1525.41
12/9/2016,1526.32
12/13/2016,1530.21
12/14/2016,1521.25
12/15/2016,1519.65
12/16/2016,1522.51
12/19/2016,1522.4
12/20/2016,1511.65
12/21/2016,1508.57
12/22/2016,1504.12
12/23/2016,1509.98
12/26/2016,1515.23
12/27/2016,1517.08
12/28/2016,1524.6
12/29/2016,1537.81
12/30/2016,1542.94
1/4/2017,1563.58
1/5/2017,1571.05
1/6/2017,1571.48
1/9/2017,1564.08
1/10/2017,1572.1
1/11/2017,1572.93
1/12/2017,1568.84
1/13/2017,1575.24
1/16/2017,1571.8
1/17/2017,1566.84
1/18/2017,1560.83
1/19/2017,1554.88
1/20/2017,1562.99
1/23/2017,1570.79
1/24/2017,1578.82
1/25/2017,1584.29
1/26/2017,1591
1/27/2017,1590.8
1/30/2017,1590.56
1/31/2017,1577.31
2/1/2017,1576.32
2/2/2017,1572.67
2/3/2017,1582.95
2/6/2017,1589.13
2/7/2017,1582.52
2/8/2017,1589.29
2/9/2017,1583.25
2/10/2017,1585.24
2/14/2017,1572.24
2/15/2017,1573.37
2/16/2017,1576.05
2/17/2017,1577.84
2/20/2017,1578.47
2/21/2017,1564.42
2/22/2017,1572.04
2/23/2017,1567.32
2/24/2017,1564.59
2/27/2017,1558.03
2/28/2017,1559.56
3/1/2017,1567.19
3/2/2017,1569.94
3/3/2017,1566.2
3/6/2017,1553.61
3/7/2017,1549.87
3/8/2017,1551.73
3/9/2017,1549.24
3/10/2017,1539.91
3/13/2017,1535.51
3/14/2017,1543.15
3/15/2017,1540.8
3/16/2017,1557.05
3/17/2017,1560.98
3/20/2017,1563.54
3/21/2017,1568.78
3/22/2017,1566.66
3/23/2017,1568.72
3/24/2017,1573.51
3/27/2017,1570.5
3/28/2017,1576.72
3/29/2017,1574.97
3/30/2017,1579.88
3/31/2017,1575.11
4/3/2017,1580.86
4/4/2017,1583.82
4/5/2017,1582.12
4/7/2017,1583.53
4/10/2017,1581.19
4/11/2017,1582.78
4/12/2017,1589.5
4/17/2017,1575.91
4/18/2017,1574.42
4/19/2017,1567.19
4/20/2017,1566.28
4/21/2017,1570.02
4/24/2017,1564.66
4/25/2017,1562.27
4/26/2017,1567.47
4/27/2017,1566.77
4/28/2017,1566.32
5/2/2017,1564.12
5/3/2017,1564.12
5/4/2017,1573.05
5/5/2017,1569.02
5/8/2017,1568.02
5/9/2017,1560.31
5/11/2017,1550.27
5/12/2017,1543.94
5/15/2017,1537.42
5/16/2017,1546.35
5/17/2017,1548.29
5/18/2017,1545.88
5/19/2017,1549.64
5/22/2017,1557.73
5/23/2017,1564.69
5/24/2017,1566.15
5/25/2017,1569.41
5/26/2017,1569.27
5/29/2017,1568.17
5/30/2017,1568.57
5/31/2017,1561.66
6/1/2017,1563.11
6/2/2017,1567.6
6/5/2017,1566.85
6/6/2017,1568.95
6/7/2017,1566.58
6/8/2017,1570.28
6/9/2017,1566.65
6/12/2017,1563.81
6/13/2017,1572.36
6/14/2017,1577
6/15/2017,1573.53
6/16/2017,1576.58
6/19/2017,1581.14
6/20/2017,1578.62
6/21/2017,1577.01
6/22/2017,1580.91
6/23/2017,1582.36
6/26/2017,1585.61
6/27/2017,1586.45
6/28/2017,1582.63
6/29/2017,1578.12
6/30/2017,1574.74
7/3/2017,1579.41
7/4/2017,1574.11
7/5/2017,1575.02
7/6/2017,1569.64
7/7/2017,1569.44
7/11/2017,1569.24
7/12/2017,1574.93
7/13/2017,1579.41
7/14/2017,1577.79
7/17/2017,1574.09
7/18/2017,1571.52
7/19/2017,1575.85
7/20/2017,1575.28
7/21/2017,1573.51
7/24/2017,1576.73
7/25/2017,1581.42
7/26/2017,1583.17
7/27/2017,1581.06
7/31/2017,1576.08
8/1/2017,1576.45
8/2/2017,1580.54
8/3/2017,1578.25
8/4/2017,1578.26
8/7/2017,1573.67
8/8/2017,1577.44
8/9/2017,1571.51
8/10/2017,1571.64
8/11/2017,1561.31
8/15/2017,1567.19
8/16/2017,1567.52
8/17/2017,1568.95
8/18/2017,1566.53
8/21/2017,1569.62
8/22/2017,1573.19
8/23/2017,1573.38
8/24/2017,1575.96
8/25/2017,1575.85
8/28/2017,1585.79
8/29/2017,1614.14
8/30/2017,1613.34
8/31/2017,1616.16
9/1/2017,1618.42
9/4/2017,1619.11
9/5/2017,1620.42
9/6/2017,1621.3
9/7/2017,1632.66
9/8/2017,1635.61
9/11/2017,1637.54
9/12/2017,1643.55
9/13/2017,1642.94
9/14/2017,1659.1
9/15/2017,1660.53
9/18/2017,1670.2
9/19/2017,1672.59
9/20/2017,1670.65
9/21/2017,1670.49
9/22/2017,1659.05
9/25/2017,1667.59
9/26/2017,1669.75
9/27/2017,1670.27
9/28/2017,1666.36
9/29/2017,1673.16
10/2/2017,1688.64
10/3/2017,1689.97
10/4/2017,1687.77
10/5/2017,1690.87
10/6/2017,1695.97
10/9/2017,1692.22
10/10/2017,1706.95
10/11/2017,1714.14
10/12/2017,1712.48
10/16/2017,1726.67
10/17/2017,1724.47
10/18/2017,1707.53
10/19/2017,1683.43
10/20/2017,1692.58
10/24/2017,1701.81
10/25/2017,1708.84
10/27/2017,1716.03
10/30/2017,1718.66
10/31/2017,1721.37
11/1/2017,1714.55
11/2/2017,1701.93
11/3/2017,1701.47
11/6/2017,1711.74
11/7/2017,1712.75
11/8/2017,1714.65
11/9/2017,1703.03
11/10/2017,1689.28
11/13/2017,1687.05
11/14/2017,1702.63
11/15/2017,1690.26
11/16/2017,1691.25
11/17/2017,1709.38
11/20/2017,1714.38
11/21/2017,1710.48
11/22/2017,1713.13
11/23/2017,1707.38
11/24/2017,1695.84
11/27/2017,1695.67
11/28/2017,1706.52
11/29/2017,1705.33
11/30/2017,1697.39
12/1/2017,1699.65
12/4/2017,1697.61
12/6/2017,1694.39
12/7/2017,1703.37
12/8/2017,1706.52
12/12/2017,1702.17
12/13/2017,1706.93
12/14/2017,1714.99
12/15/2017,1717.69
12/18/2017,1723.71
12/19/2017,1732.31
12/20/2017,1738.16
12/21/2017,1736.91
12/22/2017,1742.08
12/25/2017,1750.22
12/26/2017,1752.48
12/27/2017,1752.89
12/28/2017,1743.29
12/29/2017,1753.71
1/3/2018,1778.53
1/4/2018,1791.02
1/5/2018,1795.45
1/8/2018,1792.81
1/9/2018,1795.21
1/10/2018,1794.92
1/11/2018,1802.8
1/12/2018,1810.19
1/15/2018,1822.66
1/16/2018,1821.83
1/17/2018,1828.88
1/18/2018,1819.32
1/19/2018,1821.34
1/22/2018,1824.06
1/23/2018,1831.78
1/24/2018,1838.96
1/25/2018,1819.29
1/26/2018,1828.88
1/29/2018,1837.49
1/30/2018,1826.61
1/31/2018,1826.86
2/1/2018,1833.6
2/2/2018,1827.35
2/5/2018,1810.32
2/6/2018,1788.43
2/7/2018,1785.44
2/8/2018,1786.66
2/9/2018,1786.45
2/12/2018,1799.45
2/13/2018,1800.03
2/14/2018,1792.09
2/15/2018,1800.86
2/16/2018,1805.89
2/19/2018,1809.67
2/20/2018,1801.02
2/21/2018,1801.16
2/22/2018,1788.63
2/23/2018,1808.06
2/26/2018,1834.18
2/27/2018,1830.39
2/28/2018,1830.13
3/2/2018,1811.98
3/5/2018,1808.89
3/6/2018,1799.06
3/7/2018,1781.64
3/8/2018,1778.9
3/9/2018,1775.37
3/12/2018,1800.32
3/13/2018,1809.9
3/14/2018,1813.4
3/15/2018,1816.08
3/16/2018,1811.76
3/19/2018,1799.79
3/20/2018,1799.84
3/21/2018,1801.43
3/22/2018,1798.55
3/23/2018,1794.21
3/26/2018,1801.1
3/27/2018,1802.58
3/28/2018,1784.99
3/29/2018,1766.92
3/30/2018,1776.26
4/2/2018,1782.28
4/3/2018,1765.24
4/4/2018,1724.98
4/5/2018,1739.92
4/9/2018,1751.27
4/10/2018,1760.95
4/11/2018,1763.22
4/12/2018,1767.17
4/17/2018,1755.53
4/18/2018,1771.56
4/19/2018,1794.94
4/20/2018,1801.28
4/23/2018,1790.14
4/24/2018,1788.2
4/25/2018,1779.52
4/26/2018,1773.2
4/27/2018,1778.02
4/30/2018,1780.11
5/2/2018,1791.13
5/3/2018,1790.8
5/4/2018,1779.87
5/7/2018,1779.8
5/8/2018,1760.25
5/9/2018,1756.9
5/10/2018,1746.89
5/11/2018,1765.93
5/14/2018,1773.1
5/15/2018,1766.86
5/16/2018,1750.62
5/17/2018,1751.2
5/18/2018,1754.17
5/21/2018,1768.31
5/22/2018,1760.71
5/23/2018,1753.6
5/24/2018,1732.51
5/25/2018,1741.21
5/28/2018,1734.54
5/30/2018,1725.14
5/31/2018,1726.97
6/1/2018,1719.82
6/4/2018,1721.29
6/5/2018,1732.71
6/6/2018,1738.7
6/7/2018,1733.05
6/8/2018,1722.04
6/11/2018,1723.11
6/12/2018,1727.29
6/13/2018,1718.34
6/14/2018,1709.86
6/15/2018,1704.82
6/18/2018,1679.68
6/19/2018,1639.54
6/20/2018,1664.26
6/21/2018,1634.44
6/22/2018,1634.98
6/25/2018,1622.28
6/26/2018,1623.98
6/27/2018,1618.66
6/28/2018,1599.54
6/29/2018,1595.58
7/2/2018,1607.27
7/3/2018,1626.62
7/4/2018,1629.2
7/5/2018,1601.42
7/6/2018,1614.76
7/9/2018,1622.96
7/10/2018,1643.6
7/11/2018,1636.63
7/12/2018,1640.93
7/13/2018,1643.52
7/16/2018,1627.69
7/17/2018,1626.07
7/18/2018,1635.85
7/19/2018,1646.89
7/20/2018,1671.06
7/23/2018,1675.75
7/24/2018,1674.22
7/25/2018,1690.08
7/26/2018,1701.87
7/31/2018,1701.79
8/1/2018,1722.01
8/2/2018,1708.28
8/3/2018,1712.09
8/6/2018,1696.24
8/7/2018,1707.26
8/8/2018,1721.64
8/9/2018,1722.48
8/10/2018,1705.96
8/14/2018,1695.35
8/15/2018,1676.29
8/16/2018,1680.96
8/17/2018,1690.04
8/20/2018,1701.42
8/21/2018,1694.63
8/22/2018,1698.3
8/23/2018,1704.8
8/24/2018,1703.82
8/27/2018,1717.24
8/28/2018,1718.15
8/29/2018,1722.26
8/30/2018,1720.43
8/31/2018,1721.58
9/3/2018,1721.21
9/4/2018,1714.41
9/5/2018,1686.37
9/6/2018,1693.94
9/7/2018,1689.49
9/10/2018,1691.51
9/11/2018,1672.42
9/12/2018,1679.39
9/13/2018,1717.96
9/14/2018,1722.21
9/17/2018,1718.39
9/18/2018,1744.42
9/19/2018,1749.8
9/20/2018,1752.11
9/21/2018,1756.12
9/24/2018,1749.42
9/25/2018,1747.99
9/26/2018,1749.93
9/27/2018,1752.95
9/28/2018,1756.41
10/1/2018,1760.47
10/2/2018,1748.09
10/3/2018,1741.96
10/4/2018,1729.4
10/5/2018,1720.52
10/8/2018,1696.22
10/9/2018,1696.92
10/10/2018,1721.82
10/11/2018,1682.89
10/12/2018,1696.16
10/16/2018,1697.87
10/17/2018,1695.04
10/18/2018,1682.91
10/19/2018,1667.91
10/22/2018,1658.56
10/24/2018,1623.37
10/25/2018,1644.33
10/26/2018,1628.96
10/29/2018,1636.88
10/30/2018,1638.51
10/31/2018,1669.09
11/1/2018,1667.55
11/2/2018,1681.84
11/5/2018,1670.58
11/6/2018,1669.33
11/7/2018,1675.33
11/8/2018,1681.73
11/9/2018,1668.52
11/12/2018,1654.85
11/13/2018,1659.78
11/14/2018,1652.3
11/15/2018,1638.83
11/16/2018,1635
11/19/2018,1636.48
11/20/2018,1612.03
11/21/2018,1617.33
11/22/2018,1604.4
11/23/2018,1622.1
11/26/2018,1630.77
11/27/2018,1634.27
11/28/2018,1640.63
11/29/2018,1636.49
11/30/2018,1641.8
12/3/2018,1672.61
12/4/2018,1672.32
12/6/2018,1653.73
12/7/2018,1649.99
12/11/2018,1633.62
12/12/2018,1634.88
12/13/2018,1614.99
12/14/2018,1609.45
12/17/2018,1601.48
12/18/2018,1583.19
12/19/2018,1601.12
12/20/2018,1596.1
12/21/2018,1595.33
12/24/2018,1591.29
12/25/2018,1556.65
12/26/2018,1556.93
12/27/2018,1548.37
12/28/2018,1563.88
1/2/2019,1565.94
1/3/2019,1560.03
1/4/2019,1575.13
1/7/2019,1592.72
1/8/2019,1594
1/9/2019,1590.5
1/10/2019,1587.63
1/11/2019,1597.04
1/14/2019,1582.57
1/15/2019,1577
1/16/2019,1577.41
1/17/2019,1580.3
1/18/2019,1583.77
1/21/2019,1588.38
1/22/2019,1601.77
1/23/2019,1617.38
1/24/2019,1620.53
1/25/2019,1623.62
1/28/2019,1625.03
1/29/2019,1624.05
1/30/2019,1632.6
1/31/2019,1641.73
2/1/2019,1651.4
2/4/2019,1653.62
2/5/2019,1653.09
2/6/2019,1658.71
2/7/2019,1653.11
2/8/2019,1651.68
2/11/2019,1638
2/12/2019,1642.49
2/13/2019,1655.73
2/14/2019,1652.64
2/15/2019,1636.94
2/18/2019,1635.71
2/20/2019,1645.38
2/21/2019,1647.32
2/22/2019,1659.2
2/25/2019,1671.75
2/26/2019,1663.56
2/27/2019,1665.27
2/28/2019,1653.48
3/1/2019,1641.44
3/4/2019,1635.3
3/5/2019,1639
3/6/2019,1625.51
3/7/2019,1633.21
3/8/2019,1630.12
3/11/2019,1627.43
3/12/2019,1627.59
3/13/2019,1639.67
3/14/2019,1635.88
3/15/2019,1625.57
3/18/2019,1617.57
3/19/2019,1630.09
3/20/2019,1627.62
3/21/2019,1634
3/22/2019,1646.29
3/25/2019,1625.91
3/26/2019,1632.32
3/27/2019,1629.4
3/28/2019,1634.25
3/29/2019,1638.65
4/1/2019,1644.64
4/2/2019,1651.48
4/3/2019,1649.06
4/4/2019,1644.22
4/5/2019,1646.18
4/9/2019,1657.74
4/10/2019,1662.13
4/11/2019,1659.09
4/12/2019,1660.45
4/17/2019,1673.2
4/18/2019,1675
4/19/2019,1674.1
4/22/2019,1673.48
4/23/2019,1671.31
4/24/2019,1673.43
4/25/2019,1673.32
4/26/2019,1667.15
4/29/2019,1666.68
4/30/2019,1673.52
5/2/2019,1679.17
5/3/2019,1679.05
5/7/2019,1669.68
5/8/2019,1654.01
5/9/2019,1646.8
5/10/2019,1648.69
5/13/2019,1640.13
5/14/2019,1633.84
5/15/2019,1621.27
5/16/2019,1614.75
5/17/2019,1608.11
5/21/2019,1610.49
5/22/2019,1626.91
5/23/2019,1609.79
5/24/2019,1614.12
5/27/2019,1624.84
5/28/2019,1632.04
5/29/2019,1619.36
5/30/2019,1621.57
5/31/2019,1620.22
6/4/2019,1637.69
6/5/2019,1648.46
6/6/2019,1653.41
6/7/2019,1653.5
6/10/2019,1664.73
6/11/2019,1670.41
6/12/2019,1671.11
6/13/2019,1674.14
6/14/2019,1672.33
6/17/2019,1667.23
6/18/2019,1683.6
6/19/2019,1705.98
6/20/2019,1717.82
6/21/2019,1717.14
6/24/2019,1716
6/25/2019,1721.33
6/26/2019,1722.21
6/27/2019,1731.64
6/28/2019,1730.34
7/1/2019,1740.91
7/2/2019,1732.23
7/3/2019,1738.51
7/4/2019,1724.37
7/5/2019,1731.23
7/8/2019,1731.03
7/9/2019,1721.48
7/10/2019,1739.43
7/11/2019,1740.45
7/12/2019,1731.59
7/15/2019,1727.98
7/17/2019,1718.85
7/18/2019,1723.44
7/19/2019,1735.1
7/22/2019,1727.58
7/23/2019,1724.87
7/24/2019,1725.44
7/25/2019,1730.9
7/26/2019,1717.97
7/30/2019,1706.49
7/31/2019,1711.97
8/1/2019,1699.75
8/2/2019,1684.71
8/5/2019,1665.99
8/6/2019,1671.48
8/7/2019,1669.44
8/8/2019,1665.12
8/9/2019,1650.64
8/13/2019,1620.23
8/14/2019,1619.45
8/15/2019,1604.03
8/16/2019,1631.4
8/19/2019,1637.26
8/20/2019,1625.57
8/21/2019,1638.24
8/22/2019,1633.56
8/23/2019,1646.68
8/26/2019,1622.73
8/27/2019,1615.47
8/28/2019,1616.93
8/29/2019,1639.14
8/30/2019,1654.92
9/2/2019,1654.11
9/3/2019,1642.25
9/4/2019,1658.64
9/5/2019,1669.79
9/6/2019,1670.06
9/9/2019,1671.22
9/10/2019,1665.93
9/11/2019,1674.03
9/12/2019,1660.68
9/13/2019,1661.96
9/16/2019,1662.93
9/17/2019,1663.93
9/18/2019,1654.14
9/19/2019,1640.66
9/20/2019,1636.2
9/23/2019,1622.79
9/24/2019,1630.5
9/25/2019,1628.38
9/26/2019,1636.75
9/27/2019,1643.76
9/30/2019,1637.22
10/1/2019,1624.09
10/2/2019,1613.64
10/3/2019,1610.69
10/4/2019,1605.96
10/7/2019,1613.71
10/8/2019,1612.17
10/9/2019,1616.18
10/10/2019,1607.5
10/11/2019,1626
10/15/2019,1627.01
10/16/2019,1634.46
10/17/2019,1632.8
10/18/2019,1631.43
10/21/2019,1620.78
10/22/2019,1631.46
10/24/2019,1620.97
10/25/2019,1593.28
10/28/2019,1596.48
10/29/2019,1591.21
10/30/2019,1601.83
10/31/2019,1601.49
11/1/2019,1592.52
11/4/2019,1622.25
11/5/2019,1626.87
11/6/2019,1623.99
11/7/2019,1640.88
11/8/2019,1637.85
11/11/2019,1622.12
11/12/2019,1626.2
11/13/2019,1615.14
11/14/2019,1609.47
11/15/2019,1602.23
11/18/2019,1608
11/19/2019,1607.25
11/20/2019,1596.83
11/21/2019,1591.86
11/22/2019,1597.72
11/25/2019,1614.8
11/26/2019,1609.38
11/27/2019,1607.27
11/28/2019,1597.68
11/29/2019,1590.59
12/2/2019,1569.53
12/3/2019,1567.63
12/4/2019,1565.45
12/6/2019,1558.99
12/9/2019,1552.96
12/11/2019,1551.82
12/12/2019,1563.85
12/13/2019,1573.91
12/16/2019,1549.74
12/17/2019,1548.65
12/18/2019,1563.74
12/19/2019,1573.51
12/20/2019,1572.92
12/23/2019,1573.57
12/24/2019,1568.63
12/25/2019,1573
12/26/2019,1579.03
12/27/2019,1578.22
12/30/2019,1579.84
1/2/2020,1595.82
1/3/2020,1594.97
1/6/2020,1568.5
1/7/2020,1585.23
1/8/2020,1559.27
1/9/2020,1579.64
1/10/2020,1580.63
1/13/2020,1586.16
1/14/2020,1586.9
1/15/2020,1581.05
1/16/2020,1595.87
1/17/2020,1600.48
1/20/2020,1589.11
1/21/2020,1574.94
1/22/2020,1574.59
1/23/2020,1573.7
1/24/2020,1569.55
1/27/2020,1524.15
1/28/2020,1513.26
1/29/2020,1524.59
1/30/2020,1523.99
1/31/2020,1514.14
2/3/2020,1496.06
2/4/2020,1519.38
2/5/2020,1534.14
2/6/2020,1535.79
2/7/2020,1535.24
2/11/2020,1523.93
2/12/2020,1539.84
2/13/2020,1532.77
2/14/2020,1526.3
2/17/2020,1527.25
2/18/2020,1513.68
2/19/2020,1505.54
2/20/2020,1491.24
2/21/2020,1495.09
2/24/2020,1435.56
2/25/2020,1439.1
2/26/2020,1366.41
2/27/2020,1395.08
2/28/2020,1340.52
3/2/2020,1335.72
3/3/2020,1375.02
3/4/2020,1378.61
3/5/2020,1390.83
3/6/2020,1364.57
3/9/2020,1255.94
3/10/2020,1271.25
3/11/2020,1249.89
3/12/2020,1114.91
3/13/2020,1128.91
3/16/2020,1046.08
3/17/2020,1035.17
3/18/2020,1048.15
3/19/2020,1044.19
3/20/2020,1127.24
3/23/2020,1024.46
3/24/2020,1033.84
3/25/2020,1080.03
3/26/2020,1091.96
3/27/2020,1099.76
3/30/2020,1087.82
3/31/2020,1125.86
4/1/2020,1105.51
4/2/2020,1138.27
4/3/2020,1138.84
4/7/2020,1214.95
4/8/2020,1205.77
4/9/2020,1210.48
4/10/2020,1228.03
4/13/2020,1236.78
4/14/2020,1256.35
4/15/2020,1236.1
4/16/2020,1200.15
4/17/2020,1239.24
4/20/2020,1266.4
4/21/2020,1252.92
4/22/2020,1261.81
4/23/2020,1272.53
4/24/2020,1258.78
4/27/2020,1267.41
4/28/2020,1274.99
4/29/2020,1282.68
4/30/2020,1301.66
5/5/2020,1278.63
5/7/2020,1257.98
5/8/2020,1266.02
5/11/2020,1287.3
5/12/2020,1299.69
5/13/2020,1294.55
5/14/2020,1280.4
5/15/2020,1280.76
5/18/2020,1286.53
5/19/2020,1309.95
5/20/2020,1322.2
5/21/2020,1320.69
5/22/2020,1303.97
5/25/2020,1320.98
5/26/2020,1336.09
5/27/2020,1345.11
5/28/2020,1337.51
5/29/2020,1342.85
6/1/2020,1352.37
6/2/2020,1374.18
6/4/2020,1411.01
6/5/2020,1435.7
6/8/2020,1438.66
6/9/2020,1408.37
6/10/2020,1418.77
6/11/2020,1396.77
6/12/2020,1382.56
6/15/2020,1341.99
6/16/2020,1367.13
6/17/2020,1376.18
6/18/2020,1372.98
6/19/2020,1370.82
6/22/2020,1352.18
6/23/2020,1356.43
6/24/2020,1333.43
6/25/2020,1325.88
6/26/2020,1330.34
6/29/2020,1329.76
6/30/2020,1339.03
7/1/2020,1349.44
7/2/2020,1374.13
7/3/2020,1372.27
7/7/2020,1373.22
7/8/2020,1362.46
7/9/2020,1365.81
7/10/2020,1350.5
7/13/2020,1342.37
7/14/2020,1341.07
7/15/2020,1354.31
7/16/2020,1347.86
7/17/2020,1359.58
7/20/2020,1358.29
7/21/2020,1377
7/22/2020,1357.04
7/23/2020,1359.65
7/24/2020,1340.92
7/29/2020,1338.35
7/30/2020,1315.74
7/31/2020,1328.53
8/3/2020,1321.23
8/4/2020,1330.81
8/5/2020,1337.35
8/6/2020,1333.22
8/7/2020,1324.4
8/10/2020,1322.01
8/11/2020,1336.84
8/13/2020,1346.69
8/14/2020,1327.05
8/17/2020,1320.91
8/18/2020,1330.11
8/19/2020,1308.67
8/20/2020,1296.79
8/21/2020,1299.26
8/24/2020,1317.11
8/25/2020,1315.99
8/26/2020,1322.55
8/27/2020,1326.81
8/28/2020,1323.31
8/31/2020,1310.66
9/1/2020,1305.57
9/2/2020,1315.88
9/3/2020,1311.95
9/8/2020,1293.8
9/9/2020,1293.4
9/10/2020,1290.89
9/11/2020,1279.96
9/14/2020,1272.34
9/15/2020,1286.18
9/16/2020,1293.48
9/17/2020,1284.4
9/18/2020,1288.39
9/21/2020,1275.16
9/22/2020,1267.63
9/23/2020,1264.01
9/24/2020,1247.46
9/25/2020,1244.94
9/28/2020,1263.02
9/29/2020,1257.34
9/30/2020,1237.04
10/1/2020,1247.59
10/2/2020,1237.54
10/5/2020,1242.99
10/6/2020,1250.15
10/7/2020,1263.71
10/8/2020,1274.83
10/9/2020,1267.14
10/12/2020,1273.43
10/14/2020,1263.99
10/15/2020,1242.96
10/16/2020,1233.68
10/19/2020,1208.75
10/20/2020,1210.67
10/21/2020,1216.48
10/22/2020,1213.61
10/26/2020,1207.97
10/27/2020,1208.95
10/28/2020,1207.94
10/29/2020,1201.64
10/30/2020,1194.95
11/2/2020,1202.16
11/3/2020,1221.33
11/4/2020,1222.44
11/5/2020,1264.32
11/6/2020,1260.08
11/9/2020,1285.88
11/10/2020,1341.24
11/11/2020,1345.34
11/12/2020,1336.31
11/13/2020,1346.47
11/16/2020,1351.06
11/17/2020,1349.81
11/18/2020,1364.59
11/19/2020,1369.42
11/20/2020,1389.34
11/23/2020,1420.43
11/24/2020,1401.63
11/25/2020,1415.72
11/26/2020,1433.56
11/27/2020,1437.78
11/30/2020,1408.31
12/1/2020,1420.87
12/2/2020,1417.95
12/3/2020,1438.32
12/4/2020,1449.83
12/8/2020,1478.92
12/9/2020,1482.67
12/14/2020,1476.13
12/15/2020,1477.21
12/16/2020,1482.09
12/17/2020,1483.89
12/18/2020,1482.38
12/21/2020,1401.78
12/22/2020,1424.39
12/23/2020,1416.02
12/24/2020,1451.52
12/25/2020,1486.31
12/28/2020,1452.67
12/29/2020,1461.95
12/30/2020,1449.35
1/4/2021,1468.24
1/5/2021,1506.65
1/6/2021,1492.36
1/7/2021,1513.78
1/8/2021,1536.44
1/11/2021,1536.49
1/12/2021,1539.85
1/13/2021,1547.31
1/14/2021,1535.98
1/15/2021,1519.13
1/18/2021,1510.13
1/19/2021,1522.59
1/20/2021,1515.72
1/21/2021,1513.51
1/22/2021,1497.88
1/25/2021,1501.62
1/26/2021,1512.83
1/27/2021,1498.13
1/28/2021,1468.51
1/29/2021,1466.98
2/1/2021,1478.05
2/2/2021,1486.25
2/3/2021,1481.75
2/4/2021,1482.98
2/5/2021,1496.61
2/8/2021,1516.43
2/9/2021,1518.27
2/10/2021,1516.94
2/11/2021,1508.35
2/15/2021,1522.72
2/16/2021,1523.11
2/17/2021,1514.91
2/18/2021,1511.03
2/19/2021,1500.51
2/22/2021,1478.14
2/23/2021,1500.61
2/24/2021,1491.11
2/25/2021,1496.78
3/1/2021,1500.92
3/2/2021,1503.36
3/3/2021,1543.4
3/4/2021,1534.11
3/5/2021,1544.11
3/8/2021,1543.76
3/9/2021,1550.59
3/10/2021,1573.05
3/11/2021,1575.13
3/12/2021,1568.19
3/15/2021,1565.73
3/16/2021,1564.03
3/17/2021,1566.76
3/18/2021,1568.82
3/19/2021,1563.96
3/22/2021,1566.36
3/23/2021,1564.25
3/24/2021,1570.83
3/25/2021,1571.04
3/26/2021,1574.86
3/29/2021,1583.89
3/30/2021,1589.53
3/31/2021,1587.21
4/1/2021,1595.12
4/2/2021,1596.27
4/5/2021,1579.66
4/7/2021,1556.56
4/8/2021,1558.83
4/9/2021,1566.34
4/12/2021,1541.12
4/16/2021,1548.96
4/19/2021,1574.91
4/20/2021,1580.04
4/21/2021,1580.01
4/22/2021,1568.21
4/23/2021,1553.59
4/26/2021,1559.53
4/27/2021,1559.23
4/28/2021,1576.79
4/29/2021,1590.46
4/30/2021,1583.13
5/5/2021,1549.22
5/6/2021,1571.91
5/7/2021,1585.03
5/10/2021,1588.15
5/11/2021,1578.93
5/12/2021,1571.85
5/13/2021,1548.13
5/14/2021,1549.48
5/17/2021,1549.16
5/18/2021,1566.8
5/19/2021,1562.24
5/20/2021,1554.54
5/21/2021,1552.44
5/24/2021,1551.85
5/25/2021,1568.58
5/27/2021,1582.96
5/28/2021,1581.98
5/31/2021,1593.59
6/1/2021,1618.59
6/2/2021,1617.55
6/4/2021,1611.53
6/7/2021,1612.59
6/8/2021,1612.88
6/9/2021,1626.27
6/10/2021,1625.27
6/11/2021,1636.56
6/14/2021,1633.06
6/15/2021,1622.31
6/16/2021,1624.79
6/17/2021,1617.65
6/18/2021,1612.98
6/21/2021,1601.13
6/22/2021,1599.23
6/23/2021,1592.08
6/24/2021,1585.72
6/25/2021,1582.67
6/28/2021,1579.17
6/29/2021,1591.43
6/30/2021,1587.79
7/1/2021,1593.75
7/2/2021,1578.49
7/5/2021,1579.28
7/6/2021,1591.43
7/7/2021,1576.6
7/8/2021,1543.67
7/9/2021,1552.09
7/12/2021,1549.84
7/13/2021,1570.99
7/14/2021,1569.7
